Old	New	Kind	Count
지운자리 먼지병	라수라 먼지병	생활 소품	1
목소리 번호표	보크스 표찰	생활 소품	1
모라 질문등	모라 퀘스티오등	생활 소품	1
닫힌창 은표	클라우사 은표	생활 소품	1
역제출 봉투	레트로 봉투	생활 소품	1
나눔추 받침	파르티오 받침	생활 소품	2
모라 수고표	모라 라보르표	생활 소품	1
재문턱 도장	리멘 도장	생활 소품	2
반칸 눈금	세미칸 눈금	생활 소품	1
옆눈 거울	라테라 거울	생활 소품	1
되그림 판	리트라체 판	생활 소품	2
끝줄 묶기	피니스 매듭	생활 예법	1
유예 은핀	모라 은핀	약한 발현 소품	1
첫줄 개정	프리마 리투라	약한 발현 운용	2
반례 우편	안티로고스 우편	약한 발현 소품	3
균형분필	리브라 분필	생활 소품	2
나란의자	파렐라 의자	생활 소품	1
손목자국	카르푸스 자국	생활 흔적	1
여분표	알테라 표	생활 소품	1
기운선	오블리쿠스 선	생활 소품	1
노력추	라보르추	생활 소품	4
지운자리 먼지병	라수라 먼지병	생활 소품	1
목소리 번호표	보크스 표찰	생활 소품	2
모라 질문등	모라 퀘스티오등	생활 소품	1
닫힌창 은표	클라우사 은표	생활 소품	1
역제출 봉투	레트로 봉투	생활 소품	6
통로 남기기	리멘 남김	생활 예법	1
나눔추 받침	파르티오 받침	생활 소품	1
모라 수고표	모라 라보르표	생활 소품	2
무게 나누기	파르티오 계량	생활 예법	1
계단 낮추기	그라두스 낮춤	생활 예법	1
재문턱 도장	리멘 도장	생활 소품	1
반칸 눈금	세미칸 눈금	생활 소품	1
옆눈 거울	라테라 거울	생활 소품	1
되그림 판	리트라체 판	생활 소품	3
끝줄 묶기	피니스 매듭	생활 예법	2
유예 은핀	모라 은핀	약한 발현 소품	1
첫줄 개정	프리마 리투라	약한 발현 운용	2
반례 우편	안티로고스 우편	약한 발현 소품	10
균형분필	리브라 분필	생활 소품	5
나란의자	파렐라 의자	생활 소품	1
손목자국	카르푸스 자국	생활 흔적	1
여분표	알테라 표	생활 소품	1
기운선	오블리쿠스 선	생활 소품	1
임시표	프로템 표	생활 소품	5
노력추	라보르추	생활 소품	6
발등표	타르수스 표	생활 흔적	1
정답선	베룸 라인	약한 발현 소품	1
나눔추 받침	파르티오 받침	생활 소품	1
재문턱 도장	리멘 도장	생활 소품	1
되그림 판	리트라체 판	생활 소품	1
반례 우편	안티로고스 우편	약한 발현 소품	1
균형분필	리브라 분필	생활 소품	1
임시표	프로템 표	생활 소품	1
노력추	라보르추	생활 소품	1
지운자리 먼지병	라수라 먼지병	생활 소품	2
목소리 번호표	보크스 표찰	생활 소품	2
모라 질문등	모라 퀘스티오등	생활 소품	2
닫힌창 은표	클라우사 은표	생활 소품	2
역제출 봉투	레트로 봉투	생활 소품	3
나눔추 받침	파르티오 받침	생활 소품	3
모라 수고표	모라 라보르표	생활 소품	2
재문턱 도장	리멘 도장	생활 소품	2
반칸 눈금	세미칸 눈금	생활 소품	3
옆눈 거울	라테라 거울	생활 소품	2
되그림 판	리트라체 판	생활 소품	2
끝줄 묶기	피니스 매듭	생활 예법	2
유예 은핀	모라 은핀	약한 발현 소품	3
반례 우편	안티로고스 우편	약한 발현 소품	3
균형분필	리브라 분필	생활 소품	3
나란의자	파렐라 의자	생활 소품	2
손목자국	카르푸스 자국	생활 흔적	2
여분표	알테라 표	생활 소품	2
기운선	오블리쿠스 선	생활 소품	2
임시표	프로템 표	생활 소품	2
노력추	라보르추	생활 소품	5
지운자리 먼지병	라수라 먼지병	생활 소품	1
목소리 번호표	보크스 표찰	생활 소품	1
모라 질문등	모라 퀘스티오등	생활 소품	1
닫힌창 은표	클라우사 은표	생활 소품	1
역제출 봉투	레트로 봉투	생활 소품	1
나눔추 받침	파르티오 받침	생활 소품	1
모라 수고표	모라 라보르표	생활 소품	1
재문턱 도장	리멘 도장	생활 소품	1
반칸 눈금	세미칸 눈금	생활 소품	1
옆눈 거울	라테라 거울	생활 소품	1
되그림 판	리트라체 판	생활 소품	2
끝줄 묶기	피니스 매듭	생활 예법	1
유예 은핀	모라 은핀	약한 발현 소품	1
첫줄 개정	프리마 리투라	약한 발현 운용	3
반례 우편	안티로고스 우편	약한 발현 소품	1
균형분필	리브라 분필	생활 소품	4
나란의자	파렐라 의자	생활 소품	1
손목자국	카르푸스 자국	생활 흔적	1
여분표	알테라 표	생활 소품	2
기운선	오블리쿠스 선	생활 소품	1
노력추	라보르추	생활 소품	7
첫줄 개정	프리마 리투라	약한 발현 운용	1
반례 우편	안티로고스 우편	약한 발현 소품	2
노력추	라보르추	생활 소품	1
지운자리 먼지병	라수라 먼지병	생활 소품	2
목소리 번호표	보크스 표찰	생활 소품	2
모라 질문등	모라 퀘스티오등	생활 소품	2
닫힌창 은표	클라우사 은표	생활 소품	2
나눔추 받침	파르티오 받침	생활 소품	2
모라 수고표	모라 라보르표	생활 소품	2
재문턱 도장	리멘 도장	생활 소품	2
반칸 눈금	세미칸 눈금	생활 소품	2
옆눈 거울	라테라 거울	생활 소품	2
되그림 판	리트라체 판	생활 소품	3
끝줄 묶기	피니스 매듭	생활 예법	2
유예 은핀	모라 은핀	약한 발현 소품	2
첫줄 개정	프리마 리투라	약한 발현 운용	3
반례 우편	안티로고스 우편	약한 발현 소품	1
균형분필	리브라 분필	생활 소품	5
나란의자	파렐라 의자	생활 소품	2
손목자국	카르푸스 자국	생활 흔적	2
여분표	알테라 표	생활 소품	3
기운선	오블리쿠스 선	생활 소품	2
노력추	라보르추	생활 소품	7
지운자리 먼지병	라수라 먼지병	생활 소품	1
목소리 번호표	보크스 표찰	생활 소품	1
모라 질문등	모라 퀘스티오등	생활 소품	1
닫힌창 은표	클라우사 은표	생활 소품	1
역제출 봉투	레트로 봉투	생활 소품	1
나눔추 받침	파르티오 받침	생활 소품	1
재문턱 도장	리멘 도장	생활 소품	1
되그림 판	리트라체 판	생활 소품	1
첫줄 개정	프리마 리투라	약한 발현 운용	1
반례 우편	안티로고스 우편	약한 발현 소품	1
균형분필	리브라 분필	생활 소품	2
나란의자	파렐라 의자	생활 소품	1
여분표	알테라 표	생활 소품	1
임시표	프로템 표	생활 소품	1
노력추	라보르추	생활 소품	2
유예 은핀	모라 은핀	약한 발현 소품	2
첫줄 개정	프리마 리투라	약한 발현 운용	2
지운자리 먼지병	라수라 먼지병	생활 소품	3
목소리 번호표	보크스 표찰	생활 소품	3
모라 질문등	모라 퀘스티오등	생활 소품	3
닫힌창 은표	클라우사 은표	생활 소품	4
역제출 봉투	레트로 봉투	생활 소품	3
나눔추 받침	파르티오 받침	생활 소품	5
모라 수고표	모라 라보르표	생활 소품	2
재문턱 도장	리멘 도장	생활 소품	3
반칸 눈금	세미칸 눈금	생활 소품	4
옆눈 거울	라테라 거울	생활 소품	3
되그림 판	리트라체 판	생활 소품	3
끝줄 묶기	피니스 매듭	생활 예법	2
유예 은핀	모라 은핀	약한 발현 소품	4
첫줄 개정	프리마 리투라	약한 발현 운용	4
반례 우편	안티로고스 우편	약한 발현 소품	7
균형분필	리브라 분필	생활 소품	6
나란의자	파렐라 의자	생활 소품	4
손목자국	카르푸스 자국	생활 흔적	3
여분표	알테라 표	생활 소품	5
기운선	오블리쿠스 선	생활 소품	3
임시표	프로템 표	생활 소품	1
노력추	라보르추	생활 소품	8
균형분필	리브라 분필	생활 소품	1
임시표	프로템 표	생활 소품	1
노력추	라보르추	생활 소품	1
지운자리 먼지병	라수라 먼지병	생활 소품	1
목소리 번호표	보크스 표찰	생활 소품	1
모라 질문등	모라 퀘스티오등	생활 소품	1
닫힌창 은표	클라우사 은표	생활 소품	1
역제출 봉투	레트로 봉투	생활 소품	1
나눔추 받침	파르티오 받침	생활 소품	2
모라 수고표	모라 라보르표	생활 소품	1
재문턱 도장	리멘 도장	생활 소품	1
반칸 눈금	세미칸 눈금	생활 소품	1
옆눈 거울	라테라 거울	생활 소품	2
되그림 판	리트라체 판	생활 소품	2
끝줄 묶기	피니스 매듭	생활 예법	1
유예 은핀	모라 은핀	약한 발현 소품	1
첫줄 개정	프리마 리투라	약한 발현 운용	3
반례 우편	안티로고스 우편	약한 발현 소품	2
균형분필	리브라 분필	생활 소품	2
나란의자	파렐라 의자	생활 소품	1
손목자국	카르푸스 자국	생활 흔적	1
여분표	알테라 표	생활 소품	2
기운선	오블리쿠스 선	생활 소품	1
임시표	프로템 표	생활 소품	2
노력추	라보르추	생활 소품	4
역제출 봉투	레트로 봉투	생활 소품	2
역제출 봉투	레트로 봉투	생활 소품	1
계단 낮추기	그라두스 낮춤	생활 예법	1
반칸 눈금	세미칸 눈금	생활 소품	3
반례 우편	안티로고스 우편	약한 발현 소품	2
여분표	알테라 표	생활 소품	3
임시표	프로템 표	생활 소품	8
노력추	라보르추	생활 소품	1
발등표	타르수스 표	생활 흔적	2
역제출 봉투	레트로 봉투	생활 소품	1
역제출 봉투	레트로 봉투	생활 소품	2
지운자리 먼지병	라수라 먼지병	생활 소품	3
되그림 판	리트라체 판	생활 소품	5
반례 우편	안티로고스 우편	약한 발현 소품	3
균형분필	리브라 분필	생활 소품	9
기운선	오블리쿠스 선	생활 소품	4
임시표	프로템 표	생활 소품	2
노력추	라보르추	생활 소품	2
첫줄 개정	프리마 리투라	약한 발현 운용	1
모라 질문등	모라 퀘스티오등	생활 소품	4
닫힌창 은표	클라우사 은표	생활 소품	3
역제출 봉투	레트로 봉투	생활 소품	5
모라 수고표	모라 라보르표	생활 소품	2
재문턱 도장	리멘 도장	생활 소품	4
끝줄 묶기	피니스 매듭	생활 예법	2
반례 우편	안티로고스 우편	약한 발현 소품	2
임시표	프로템 표	생활 소품	2
목소리 번호표	보크스 표찰	생활 소품	5
통로 남기기	리멘 남김	생활 예법	1
옆눈 거울	라테라 거울	생활 소품	3
반례 우편	안티로고스 우편	약한 발현 소품	3
균형분필	리브라 분필	생활 소품	1
나란의자	파렐라 의자	생활 소품	5
임시표	프로템 표	생활 소품	2
노력추	라보르추	생활 소품	2
유예 은핀	모라 은핀	약한 발현 소품	2
첫줄 개정	프리마 리투라	약한 발현 운용	1
반례 우편	안티로고스 우편	약한 발현 소품	7
정답선	베룸 라인	약한 발현 소품	1
역제출 봉투	레트로 봉투	생활 소품	1
역제출 봉투	레트로 봉투	생활 소품	1
역제출 봉투	레트로 봉투	생활 소품	1
나눔추 받침	파르티오 받침	생활 소품	4
모라 수고표	모라 라보르표	생활 소품	6
무게 나누기	파르티오 계량	생활 예법	1
반례 우편	안티로고스 우편	약한 발현 소품	2
손목자국	카르푸스 자국	생활 흔적	3
임시표	프로템 표	생활 소품	1
노력추	라보르추	생활 소품	14
안쪽울림 종가루	인투스 종가루	생활 소품	1
쉬어도등 가리개	오티움 등가리개	생활 소품	1
오늘손 온도계	호디에 온도계	생활 소품	2
계단불 조절쇠	그라두스 조절쇠	생활 소품	1
세번째 대사핀	테르티아 대사핀	생활 소품	4
다음손 자리표	세콰르 자리표	생활 소품	2
두번째손 바늘	세쿤다 바늘	생활 소품	1
마른숨 빨랫줄	스피라 마른줄	생활 소품	2
현재행동 쪽지	악투스 쪽지	생활 소품	3
응답자리 방울	레스폰사 방울	생활 소품	2
접힌 문장천	플리카 문장천	생활 소품	5
끝자리 받침	피니스 받침	생활 소품	2
주인손 집게	도미누스 손집게	생활 소품	4
돌아올날 표	리디투스 날짜표	생활 소품	4
빈답장 받침	바쿠아 답장받침	생활 소품	1
반펼침 바늘	세미플리카 바늘	생활 소품	2
접힘온도 돌	플리카 온도석	생활 소품	2
받을손 종추	아치피오 종추	생활 소품	2
빈답장 봉투	바쿠아 답장봉투	생활 소품	1
느린납품 끈	타르다 납품끈	생활 소품	1
한단어 표석	우눔 표석	생활 소품	4
먼저손 글씨	프리마 손글씨	생활 소품	4
사과전 숨칸	안테숨 칸	생활 소품	4
먼지날짜 붓	풀비스 날짜붓	생활 소품	1
아직온도 돌	모라 온도석	생활 소품	3
들을자리 표	아우디레 자리표	생활 소품	2
끝수정 매듭	피니스 수정매듭	생활 소품	4
돌아온흠 표	레디투스 흠표	생활 소품	1
다시맡김 실	레만다 실	생활 소품	3
재작업 장갑	리파브라 장갑	생활 소품	3
남은손 빈줄	레스타 빈줄	생활 흔적	2
막밖 신발끈	엑스트라 신발끈	생활 소품	1
그늘허락 표	움브라 허락표	생활 소품	3
반걸음 종줄	세미파수스 종줄	생활 소품	2
마침숨 먹	피니스 숨먹	생활 소품	1
다음말 실	세콰르 말실	생활 소품	3
손등 쉼표	도르숨 쉼표	생활 소품	1
되올림 표	리토르노 표	생활 소품	2
목소리등잔	보크스 등잔	생활 소품	1
말높이 끈	보크스 높이끈	생활 소품	1
아픈칸 표	돌로르 칸표	생활 소품	2
숨칸 분필	스피라 칸분필	생활 소품	4
되묻기 종	리퀘스티오 종	생활 소품	6
자국비누	베스티기움 비누	생활 소품	1
산출구슬	렌데레 구슬	생활 소품	4
마지막손	마누스 울티마	생활 예법	5
쉼표핀	코마 핀	생활 소품	4
모라포	모라 포	생활 소품	5
완료표	피니스 표	생활 소품	1
완료종	피니투스 종	생활 소품	8
안쪽울림 종가루	인투스 종가루	생활 소품	1
쉬어도등 가리개	오티움 등가리개	생활 소품	2
미완성 꼬리표	논피니토 꼬리표	생활 소품	2
오늘손 온도계	호디에 온도계	생활 소품	3
계단불 조절쇠	그라두스 조절쇠	생활 소품	1
세번째 대사핀	테르티아 대사핀	생활 소품	2
다음손 자리표	세콰르 자리표	생활 소품	2
낮은온기 열쇠	테피다 열쇠	생활 소품	2
첫웃음 잔받침	프리마 미소잔	생활 소품	1
두번째손 바늘	세쿤다 바늘	생활 소품	1
마른숨 빨랫줄	스피라 마른줄	생활 소품	2
현재행동 쪽지	악투스 쪽지	생활 소품	2
응답자리 방울	레스폰사 방울	생활 소품	2
접힌 문장천	플리카 문장천	생활 소품	5
끝자리 받침	피니스 받침	생활 소품	2
주인손 집게	도미누스 손집게	생활 소품	2
돌아올날 표	리디투스 날짜표	생활 소품	5
빈답장 받침	바쿠아 답장받침	생활 소품	1
반펼침 바늘	세미플리카 바늘	생활 소품	2
접힘온도 돌	플리카 온도석	생활 소품	2
받을손 종추	아치피오 종추	생활 소품	2
느린납품 끈	타르다 납품끈	생활 소품	1
머무름 심지	모라 심지	생활 소품	1
한단어 표석	우눔 표석	생활 소품	5
먼저손 글씨	프리마 손글씨	생활 소품	2
사과전 숨칸	안테숨 칸	생활 소품	1
먼지날짜 붓	풀비스 날짜붓	생활 소품	2
아직온도 돌	모라 온도석	생활 소품	2
들을자리 표	아우디레 자리표	생활 소품	1
끝수정 매듭	피니스 수정매듭	생활 소품	4
돌아온흠 표	레디투스 흠표	생활 소품	2
다시맡김 실	레만다 실	생활 소품	1
재작업 장갑	리파브라 장갑	생활 소품	3
남은손 빈줄	레스타 빈줄	생활 흔적	2
막밖 신발끈	엑스트라 신발끈	생활 소품	2
그늘허락 표	움브라 허락표	생활 소품	2
반걸음 종줄	세미파수스 종줄	생활 소품	2
마침숨 먹	피니스 숨먹	생활 소품	1
다음말 실	세콰르 말실	생활 소품	2
손등 쉼표	도르숨 쉼표	생활 소품	1
되올림 표	리토르노 표	생활 소품	2
목소리등잔	보크스 등잔	생활 소품	1
말높이 끈	보크스 높이끈	생활 소품	2
아픈칸 표	돌로르 칸표	생활 소품	3
숨칸 분필	스피라 칸분필	생활 소품	3
되묻기 종	리퀘스티오 종	생활 소품	6
자국비누	베스티기움 비누	생활 소품	2
산출구슬	렌데레 구슬	생활 소품	3
마지막손	마누스 울티마	생활 예법	2
쉼표핀	코마 핀	생활 소품	5
모라포	모라 포	생활 소품	5
완료표	피니스 표	생활 소품	2
완료종	피니투스 종	생활 소품	8
오늘손 온도계	호디에 온도계	생활 소품	1
다음손 자리표	세콰르 자리표	생활 소품	1
접힌 문장천	플리카 문장천	생활 소품	1
주인손 집게	도미누스 손집게	생활 소품	1
돌아올날 표	리디투스 날짜표	생활 소품	1
접힘온도 돌	플리카 온도석	생활 소품	1
받을손 종추	아치피오 종추	생활 소품	1
한단어 표석	우눔 표석	생활 소품	1
먼저손 글씨	프리마 손글씨	생활 소품	1
사과전 숨칸	안테숨 칸	생활 소품	1
아직온도 돌	모라 온도석	생활 소품	1
끝수정 매듭	피니스 수정매듭	생활 소품	1
다시맡김 실	레만다 실	생활 소품	1
남은손 빈줄	레스타 빈줄	생활 흔적	1
그늘허락 표	움브라 허락표	생활 소품	1
다음말 실	세콰르 말실	생활 소품	1
되올림 표	리토르노 표	생활 소품	1
말높이 끈	보크스 높이끈	생활 소품	1
아픈칸 표	돌로르 칸표	생활 소품	1
숨칸 분필	스피라 칸분필	생활 소품	1
되묻기 종	리퀘스티오 종	생활 소품	1
산출구슬	렌데레 구슬	생활 소품	1
마지막손	마누스 울티마	생활 예법	1
쉼표핀	코마 핀	생활 소품	1
모라포	모라 포	생활 소품	1
완료종	피니투스 종	생활 소품	1
안쪽울림 종가루	인투스 종가루	생활 소품	1
쉬어도등 가리개	오티움 등가리개	생활 소품	2
오늘손 온도계	호디에 온도계	생활 소품	4
계단불 조절쇠	그라두스 조절쇠	생활 소품	2
세번째 대사핀	테르티아 대사핀	생활 소품	3
다음손 자리표	세콰르 자리표	생활 소품	2
낮은온기 열쇠	테피다 열쇠	생활 소품	2
첫웃음 잔받침	프리마 미소잔	생활 소품	1
두번째손 바늘	세쿤다 바늘	생활 소품	2
마른숨 빨랫줄	스피라 마른줄	생활 소품	1
현재행동 쪽지	악투스 쪽지	생활 소품	3
응답자리 방울	레스폰사 방울	생활 소품	1
접힌 문장천	플리카 문장천	생활 소품	1
끝자리 받침	피니스 받침	생활 소품	1
주인손 집게	도미누스 손집게	생활 소품	2
돌아올날 표	리디투스 날짜표	생활 소품	2
빈답장 받침	바쿠아 답장받침	생활 소품	1
반펼침 바늘	세미플리카 바늘	생활 소품	1
접힘온도 돌	플리카 온도석	생활 소품	1
받을손 종추	아치피오 종추	생활 소품	1
느린납품 끈	타르다 납품끈	생활 소품	2
머무름 심지	모라 심지	생활 소품	1
한단어 표석	우눔 표석	생활 소품	2
먼저손 글씨	프리마 손글씨	생활 소품	2
사과전 숨칸	안테숨 칸	생활 소품	2
먼지날짜 붓	풀비스 날짜붓	생활 소품	2
아직온도 돌	모라 온도석	생활 소품	2
들을자리 표	아우디레 자리표	생활 소품	2
끝수정 매듭	피니스 수정매듭	생활 소품	2
돌아온흠 표	레디투스 흠표	생활 소품	3
다시맡김 실	레만다 실	생활 소품	2
재작업 장갑	리파브라 장갑	생활 소품	2
남은손 빈줄	레스타 빈줄	생활 흔적	2
막밖 신발끈	엑스트라 신발끈	생활 소품	2
그늘허락 표	움브라 허락표	생활 소품	4
반걸음 종줄	세미파수스 종줄	생활 소품	2
마침숨 먹	피니스 숨먹	생활 소품	1
다음말 실	세콰르 말실	생활 소품	1
손등 쉼표	도르숨 쉼표	생활 소품	1
되올림 표	리토르노 표	생활 소품	1
목소리등잔	보크스 등잔	생활 소품	1
말높이 끈	보크스 높이끈	생활 소품	1
아픈칸 표	돌로르 칸표	생활 소품	2
숨칸 분필	스피라 칸분필	생활 소품	2
되묻기 종	리퀘스티오 종	생활 소품	2
자국비누	베스티기움 비누	생활 소품	1
산출구슬	렌데레 구슬	생활 소품	3
마지막손	마누스 울티마	생활 예법	2
쉼표핀	코마 핀	생활 소품	2
모라포	모라 포	생활 소품	3
완료표	피니스 표	생활 소품	1
완료종	피니투스 종	생활 소품	4
안쪽울림 종가루	인투스 종가루	생활 소품	1
쉬어도등 가리개	오티움 등가리개	생활 소품	2
미완성 꼬리표	논피니토 꼬리표	생활 소품	1
오늘손 온도계	호디에 온도계	생활 소품	1
계단불 조절쇠	그라두스 조절쇠	생활 소품	1
세번째 대사핀	테르티아 대사핀	생활 소품	1
다음손 자리표	세콰르 자리표	생활 소품	1
낮은온기 열쇠	테피다 열쇠	생활 소품	1
첫웃음 잔받침	프리마 미소잔	생활 소품	1
두번째손 바늘	세쿤다 바늘	생활 소품	1
마른숨 빨랫줄	스피라 마른줄	생활 소품	1
현재행동 쪽지	악투스 쪽지	생활 소품	1
응답자리 방울	레스폰사 방울	생활 소품	1
접힌 문장천	플리카 문장천	생활 소품	1
끝자리 받침	피니스 받침	생활 소품	2
주인손 집게	도미누스 손집게	생활 소품	1
돌아올날 표	리디투스 날짜표	생활 소품	2
빈답장 받침	바쿠아 답장받침	생활 소품	1
반펼침 바늘	세미플리카 바늘	생활 소품	2
접힘온도 돌	플리카 온도석	생활 소품	1
받을손 종추	아치피오 종추	생활 소품	1
느린납품 끈	타르다 납품끈	생활 소품	1
머무름 심지	모라 심지	생활 소품	1
한단어 표석	우눔 표석	생활 소품	1
먼저손 글씨	프리마 손글씨	생활 소품	1
사과전 숨칸	안테숨 칸	생활 소품	2
먼지날짜 붓	풀비스 날짜붓	생활 소품	1
아직온도 돌	모라 온도석	생활 소품	1
들을자리 표	아우디레 자리표	생활 소품	2
끝수정 매듭	피니스 수정매듭	생활 소품	1
돌아온흠 표	레디투스 흠표	생활 소품	1
다시맡김 실	레만다 실	생활 소품	1
재작업 장갑	리파브라 장갑	생활 소품	1
남은손 빈줄	레스타 빈줄	생활 흔적	1
막밖 신발끈	엑스트라 신발끈	생활 소품	1
그늘허락 표	움브라 허락표	생활 소품	2
반걸음 종줄	세미파수스 종줄	생활 소품	1
마침숨 먹	피니스 숨먹	생활 소품	1
다음말 실	세콰르 말실	생활 소품	3
손등 쉼표	도르숨 쉼표	생활 소품	1
되올림 표	리토르노 표	생활 소품	1
목소리등잔	보크스 등잔	생활 소품	1
말높이 끈	보크스 높이끈	생활 소품	1
아픈칸 표	돌로르 칸표	생활 소품	1
숨칸 분필	스피라 칸분필	생활 소품	1
되묻기 종	리퀘스티오 종	생활 소품	7
자국비누	베스티기움 비누	생활 소품	1
산출구슬	렌데레 구슬	생활 소품	1
마지막손	마누스 울티마	생활 예법	1
쉼표핀	코마 핀	생활 소품	1
모라포	모라 포	생활 소품	1
완료표	피니스 표	생활 소품	2
완료종	피니투스 종	생활 소품	6
오늘손 온도계	호디에 온도계	생활 소품	1
세번째 대사핀	테르티아 대사핀	생활 소품	1
접힌 문장천	플리카 문장천	생활 소품	1
주인손 집게	도미누스 손집게	생활 소품	1
돌아올날 표	리디투스 날짜표	생활 소품	1
접힘온도 돌	플리카 온도석	생활 소품	1
한단어 표석	우눔 표석	생활 소품	1
먼저손 글씨	프리마 손글씨	생활 소품	1
아직온도 돌	모라 온도석	생활 소품	1
끝수정 매듭	피니스 수정매듭	생활 소품	1
돌아온흠 표	레디투스 흠표	생활 소품	1
막밖 신발끈	엑스트라 신발끈	생활 소품	1
그늘허락 표	움브라 허락표	생활 소품	1
다음말 실	세콰르 말실	생활 소품	1
숨칸 분필	스피라 칸분필	생활 소품	1
되묻기 종	리퀘스티오 종	생활 소품	2
산출구슬	렌데레 구슬	생활 소품	1
마지막손	마누스 울티마	생활 예법	1
쉼표핀	코마 핀	생활 소품	1
모라포	모라 포	생활 소품	1
완료표	피니스 표	생활 소품	1
완료종	피니투스 종	생활 소품	1
안쪽울림 종가루	인투스 종가루	생활 소품	2
쉬어도등 가리개	오티움 등가리개	생활 소품	3
미완성 꼬리표	논피니토 꼬리표	생활 소품	2
오늘손 온도계	호디에 온도계	생활 소품	2
계단불 조절쇠	그라두스 조절쇠	생활 소품	2
세번째 대사핀	테르티아 대사핀	생활 소품	2
다음손 자리표	세콰르 자리표	생활 소품	2
낮은온기 열쇠	테피다 열쇠	생활 소품	2
첫웃음 잔받침	프리마 미소잔	생활 소품	2
두번째손 바늘	세쿤다 바늘	생활 소품	2
마른숨 빨랫줄	스피라 마른줄	생활 소품	2
현재행동 쪽지	악투스 쪽지	생활 소품	2
응답자리 방울	레스폰사 방울	생활 소품	2
접힌 문장천	플리카 문장천	생활 소품	2
끝자리 받침	피니스 받침	생활 소품	3
주인손 집게	도미누스 손집게	생활 소품	2
돌아올날 표	리디투스 날짜표	생활 소품	3
빈답장 받침	바쿠아 답장받침	생활 소품	2
반펼침 바늘	세미플리카 바늘	생활 소품	3
접힘온도 돌	플리카 온도석	생활 소품	2
받을손 종추	아치피오 종추	생활 소품	2
빈답장 봉투	바쿠아 답장봉투	생활 소품	2
느린납품 끈	타르다 납품끈	생활 소품	2
머무름 심지	모라 심지	생활 소품	2
한단어 표석	우눔 표석	생활 소품	2
먼저손 글씨	프리마 손글씨	생활 소품	2
사과전 숨칸	안테숨 칸	생활 소품	3
먼지날짜 붓	풀비스 날짜붓	생활 소품	2
아직온도 돌	모라 온도석	생활 소품	2
들을자리 표	아우디레 자리표	생활 소품	3
끝수정 매듭	피니스 수정매듭	생활 소품	2
돌아온흠 표	레디투스 흠표	생활 소품	2
다시맡김 실	레만다 실	생활 소품	2
남은손 빈줄	레스타 빈줄	생활 흔적	2
막밖 신발끈	엑스트라 신발끈	생활 소품	2
그늘허락 표	움브라 허락표	생활 소품	3
반걸음 종줄	세미파수스 종줄	생활 소품	2
마침숨 먹	피니스 숨먹	생활 소품	2
다음말 실	세콰르 말실	생활 소품	4
손등 쉼표	도르숨 쉼표	생활 소품	2
되올림 표	리토르노 표	생활 소품	2
목소리등잔	보크스 등잔	생활 소품	2
말높이 끈	보크스 높이끈	생활 소품	2
아픈칸 표	돌로르 칸표	생활 소품	2
숨칸 분필	스피라 칸분필	생활 소품	2
되묻기 종	리퀘스티오 종	생활 소품	8
자국비누	베스티기움 비누	생활 소품	2
산출구슬	렌데레 구슬	생활 소품	2
마지막손	마누스 울티마	생활 예법	2
모라포	모라 포	생활 소품	2
완료표	피니스 표	생활 소품	1
완료종	피니투스 종	생활 소품	6
쉬어도등 가리개	오티움 등가리개	생활 소품	1
오늘손 온도계	호디에 온도계	생활 소품	1
세번째 대사핀	테르티아 대사핀	생활 소품	1
다음손 자리표	세콰르 자리표	생활 소품	1
현재행동 쪽지	악투스 쪽지	생활 소품	1
접힌 문장천	플리카 문장천	생활 소품	1
주인손 집게	도미누스 손집게	생활 소품	1
돌아올날 표	리디투스 날짜표	생활 소품	1
접힘온도 돌	플리카 온도석	생활 소품	1
한단어 표석	우눔 표석	생활 소품	1
먼저손 글씨	프리마 손글씨	생활 소품	1
사과전 숨칸	안테숨 칸	생활 소품	1
아직온도 돌	모라 온도석	생활 소품	1
끝수정 매듭	피니스 수정매듭	생활 소품	1
다시맡김 실	레만다 실	생활 소품	1
재작업 장갑	리파브라 장갑	생활 소품	1
그늘허락 표	움브라 허락표	생활 소품	1
다음말 실	세콰르 말실	생활 소품	1
되올림 표	리토르노 표	생활 소품	1
숨칸 분필	스피라 칸분필	생활 소품	1
되묻기 종	리퀘스티오 종	생활 소품	1
산출구슬	렌데레 구슬	생활 소품	1
마지막손	마누스 울티마	생활 예법	1
쉼표핀	코마 핀	생활 소품	1
모라포	모라 포	생활 소품	1
완료종	피니투스 종	생활 소품	1
미완성 꼬리표	논피니토 꼬리표	생활 소품	3
계단불 조절쇠	그라두스 조절쇠	생활 소품	2
다음손 자리표	세콰르 자리표	생활 소품	5
두번째손 바늘	세쿤다 바늘	생활 소품	2
느린납품 끈	타르다 납품끈	생활 소품	2
먼지날짜 붓	풀비스 날짜붓	생활 소품	2
아직온도 돌	모라 온도석	생활 소품	5
끝수정 매듭	피니스 수정매듭	생활 소품	6
돌아온흠 표	레디투스 흠표	생활 소품	3
다시맡김 실	레만다 실	생활 소품	5
재작업 장갑	리파브라 장갑	생활 소품	2
남은손 빈줄	레스타 빈줄	생활 흔적	4
아픈칸 표	돌로르 칸표	생활 소품	5
숨칸 분필	스피라 칸분필	생활 소품	6
산출구슬	렌데레 구슬	생활 소품	6
마지막손	마누스 울티마	생활 예법	5
완료표	피니스 표	생활 소품	7
완료종	피니투스 종	생활 소품	9
안쪽울림 종가루	인투스 종가루	생활 소품	2
마른숨 빨랫줄	스피라 마른줄	생활 소품	3
응답자리 방울	레스폰사 방울	생활 소품	4
접힌 문장천	플리카 문장천	생활 소품	7
끝자리 받침	피니스 받침	생활 소품	5
주인손 집게	도미누스 손집게	생활 소품	5
돌아올날 표	리디투스 날짜표	생활 소품	5
반펼침 바늘	세미플리카 바늘	생활 소품	4
접힘온도 돌	플리카 온도석	생활 소품	5
받을손 종추	아치피오 종추	생활 소품	4
한단어 표석	우눔 표석	생활 소품	6
먼저손 글씨	프리마 손글씨	생활 소품	6
반걸음 종줄	세미파수스 종줄	생활 소품	4
마침숨 먹	피니스 숨먹	생활 소품	2
다음말 실	세콰르 말실	생활 소품	5
손등 쉼표	도르숨 쉼표	생활 소품	2
되올림 표	리토르노 표	생활 소품	5
목소리등잔	보크스 등잔	생활 소품	2
말높이 끈	보크스 높이끈	생활 소품	2
되묻기 종	리퀘스티오 종	생활 소품	7
자국비누	베스티기움 비누	생활 소품	2
쉼표핀	코마 핀	생활 소품	6
오늘손 온도계	호디에 온도계	생활 소품	1
그늘허락 표	움브라 허락표	생활 소품	1
세번째 대사핀	테르티아 대사핀	생활 소품	1
쉬어도등 가리개	오티움 등가리개	생활 소품	2
오늘손 온도계	호디에 온도계	생활 소품	5
낮은온기 열쇠	테피다 열쇠	생활 소품	3
첫웃음 잔받침	프리마 미소잔	생활 소품	2
머무름 심지	모라 심지	생활 소품	1
그늘허락 표	움브라 허락표	생활 소품	6
세번째 대사핀	테르티아 대사핀	생활 소품	5
현재행동 쪽지	악투스 쪽지	생활 소품	5
빈답장 받침	바쿠아 답장받침	생활 소품	1
빈답장 봉투	바쿠아 답장봉투	생활 소품	1
사과전 숨칸	안테숨 칸	생활 소품	4
들을자리 표	아우디레 자리표	생활 소품	2
막밖 신발끈	엑스트라 신발끈	생활 소품	4
되묻기 종	리퀘스티오 종	생활 소품	1
완료종	피니투스 종	생활 소품	1
세번째 대사핀	테르티아 대사핀	생활 소품	1
현재행동 쪽지	악투스 쪽지	생활 소품	1
빈답장 봉투	바쿠아 답장봉투	생활 소품	1
사과전 숨칸	안테숨 칸	생활 소품	1
계단불 조절쇠	그라두스 조절쇠	생활 소품	1
다음손 자리표	세콰르 자리표	생활 소품	3
두번째손 바늘	세쿤다 바늘	생활 소품	1
마른숨 빨랫줄	스피라 마른줄	생활 소품	1
응답자리 방울	레스폰사 방울	생활 소품	1
접힌 문장천	플리카 문장천	생활 소품	3
끝자리 받침	피니스 받침	생활 소품	1
주인손 집게	도미누스 손집게	생활 소품	1
돌아올날 표	리디투스 날짜표	생활 소품	2
반펼침 바늘	세미플리카 바늘	생활 소품	1
느린납품 끈	타르다 납품끈	생활 소품	1
한단어 표석	우눔 표석	생활 소품	2
먼저손 글씨	프리마 손글씨	생활 소품	2
먼지날짜 붓	풀비스 날짜붓	생활 소품	1
아직온도 돌	모라 온도석	생활 소품	2
끝수정 매듭	피니스 수정매듭	생활 소품	4
돌아온흠 표	레디투스 흠표	생활 소품	1
다시맡김 실	레만다 실	생활 소품	1
재작업 장갑	리파브라 장갑	생활 소품	1
남은손 빈줄	레스타 빈줄	생활 흔적	2
반걸음 종줄	세미파수스 종줄	생활 소품	1
다음말 실	세콰르 말실	생활 소품	1
되올림 표	리토르노 표	생활 소품	1
아픈칸 표	돌로르 칸표	생활 소품	2
숨칸 분필	스피라 칸분필	생활 소품	4
되묻기 종	리퀘스티오 종	생활 소품	4
산출구슬	렌데레 구슬	생활 소품	2
마지막손	마누스 울티마	생활 예법	4
쉼표핀	코마 핀	생활 소품	2
완료표	피니스 표	생활 소품	2
완료종	피니투스 종	생활 소품	6
쉬어도등 가리개	오티움 등가리개	생활 소품	1
오늘손 온도계	호디에 온도계	생활 소품	1
세번째 대사핀	테르티아 대사핀	생활 소품	2
현재행동 쪽지	악투스 쪽지	생활 소품	2
사과전 숨칸	안테숨 칸	생활 소품	2
들을자리 표	아우디레 자리표	생활 소품	1
그늘허락 표	움브라 허락표	생활 소품	2
안쪽울림 종가루	인투스 종가루	생활 소품	3
응답자리 방울	레스폰사 방울	생활 소품	4
돌아올날 표	리디투스 날짜표	생활 소품	2
접힘온도 돌	플리카 온도석	생활 소품	1
받을손 종추	아치피오 종추	생활 소품	6
한단어 표석	우눔 표석	생활 소품	1
먼저손 글씨	프리마 손글씨	생활 소품	6
반걸음 종줄	세미파수스 종줄	생활 소품	5
되묻기 종	리퀘스티오 종	생활 소품	8
두번째손 바늘	세쿤다 바늘	생활 소품	3
끝수정 매듭	피니스 수정매듭	생활 소품	7
돌아온흠 표	레디투스 흠표	생활 소품	6
다시맡김 실	레만다 실	생활 소품	4
재작업 장갑	리파브라 장갑	생활 소품	6
완료종	피니투스 종	생활 소품	2
접힌 문장천	플리카 문장천	생활 소품	1
끝자리 받침	피니스 받침	생활 소품	7
돌아올날 표	리디투스 날짜표	생활 소품	11
한단어 표석	우눔 표석	생활 소품	1
마침숨 먹	피니스 숨먹	생활 소품	4
다음말 실	세콰르 말실	생활 소품	9
되묻기 종	리퀘스티오 종	생활 소품	1
쉼표핀	코마 핀	생활 소품	12
마른숨 빨랫줄	스피라 마른줄	생활 소품	7
접힌 문장천	플리카 문장천	생활 소품	9
주인손 집게	도미누스 손집게	생활 소품	9
돌아올날 표	리디투스 날짜표	생활 소품	3
반펼침 바늘	세미플리카 바늘	생활 소품	4
접힘온도 돌	플리카 온도석	생활 소품	7
한단어 표석	우눔 표석	생활 소품	1
되묻기 종	리퀘스티오 종	생활 소품	1
자국비누	베스티기움 비누	생활 소품	5
재작업 장갑	리파브라 장갑	생활 소품	1
남은손 빈줄	레스타 빈줄	생활 흔적	3
마지막손	마누스 울티마	생활 예법	6
완료표	피니스 표	생활 소품	10
완료종	피니투스 종	생활 소품	14
쉬어도등 가리개	오티움 등가리개	생활 소품	3
오늘손 온도계	호디에 온도계	생활 소품	7
낮은온기 열쇠	테피다 열쇠	생활 소품	5
첫웃음 잔받침	프리마 미소잔	생활 소품	3
머무름 심지	모라 심지	생활 소품	3
그늘허락 표	움브라 허락표	생활 소품	9
세번째 대사핀	테르티아 대사핀	생활 소품	5
현재행동 쪽지	악투스 쪽지	생활 소품	9
빈답장 받침	바쿠아 답장받침	생활 소품	3
사과전 숨칸	안테숨 칸	생활 소품	5
들을자리 표	아우디레 자리표	생활 소품	5
막밖 신발끈	엑스트라 신발끈	생활 소품	6
미완성 꼬리표	논피니토 꼬리표	생활 소품	6
다음손 자리표	세콰르 자리표	생활 소품	7
먼지날짜 붓	풀비스 날짜붓	생활 소품	4
아직온도 돌	모라 온도석	생활 소품	6
끝수정 매듭	피니스 수정매듭	생활 소품	1
완료종	피니투스 종	생활 소품	1
계단불 조절쇠	그라두스 조절쇠	생활 소품	3
느린납품 끈	타르다 납품끈	생활 소품	5
끝수정 매듭	피니스 수정매듭	생활 소품	1
아픈칸 표	돌로르 칸표	생활 소품	8
숨칸 분필	스피라 칸분필	생활 소품	8
산출구슬	렌데레 구슬	생활 소품	9
마지막손	마누스 울티마	생활 예법	1
완료종	피니투스 종	생활 소품	2
한단어 표석	우눔 표석	생활 소품	10
손등 쉼표	도르숨 쉼표	생활 소품	5
되올림 표	리토르노 표	생활 소품	9
목소리등잔	보크스 등잔	생활 소품	5
말높이 끈	보크스 높이끈	생활 소품	5
되묻기 종	리퀘스티오 종	생활 소품	2
태우지 말 것 표	논우르 표	생활 소품	3
다시세움 못주머니	레스토 못주머니	생활 소품	1
무릎 자국 분필	제누 자국분필	생활 소품	2
반품손 온도장갑	리디투스 온도장갑	생활 소품	1
온도기록 돌판	테르마 기록판	생활 소품	6
한숨 버팀쐐기	스피라 쐐기	생활 소품	1
다음손가락 실	디지투스 세콰르 실	생활 소품	1
굳은무릎 계단	제누 계단	생활 소품	8
손바닥 화상표	팔마 화상표	생활 소품	2
검은물 비움잔	아테르 비움잔	생활 소품	1
다시일어남 끈	레수르고 끈	생활 소품	1
손끝열선 수반	디지투스 열선수반	생활 소품	3
빈장부 나무패	바쿠아 장부패	생활 소품	4
남은불 재집게	레스타 재집게	생활 소품	1
손잡이 온도실	마누비움 온도실	생활 소품	1
빠져나올 솔기	엑시투스 솔기	생활 소품	3
어깨맞춤 난간	우메루스 난간	생활 소품	3
한걸음 손잡이	파수스 손잡이	생활 소품	2
같이든 손자국	소키우스 손자국	생활 흔적	3
먼저물 바가지	프리마 물바가지	생활 소품	2
굳은손 장갑	리기다 장갑	생활 소품	2
손끝 틈바늘	디지투스 틈바늘	생활 소품	7
낮춤계단 못	그라두스 못	생활 소품	2
장갑숨 구멍	스피라 구멍	생활 소품	1
말랑안감 천	몰리스 안감천	생활 소품	1
숨풀림 붕대	스피라 붕대	생활 소품	1
낙인벗김 천	스티그마 천	생활 소품	2
빠진자리 끈	라쿠나 끈	생활 소품	4
첫흠 울림못	프리마 흠못	생활 소품	1
지킬 것 선	살바 선	생활 소품	3
노멘 냉수반	노멘 프리고반	생활 소품	3
두손 물자리	비마누스 물자리	생활 소품	1
손등 도장천	도르숨 도장천	생활 소품	4
무게돌림 끈	폰두스 회전끈	생활 소품	3
탄자리 붓	카르보 붓	생활 소품	2
세숨 매듭	트레스 스피라 매듭	생활 소품	1
기댐 목교	인클리나 목교	생활 장소	10
무명결 빗	아노니마 결빗	생활 소품	1
건넬때 종	트라도 종	생활 소품	3
방향갈대	아지무스 갈대	생활 소품	1
풀림석	솔루타석	생활 소품	13
앉음돌	세데스 돌	생활 소품	7
느슨못	락수스 못	생활 소품	7
태우지 말 것 표	논우르 표	생활 소품	2
다시세움 못주머니	레스토 못주머니	생활 소품	2
무릎 자국 분필	제누 자국분필	생활 소품	3
반품손 온도장갑	리디투스 온도장갑	생활 소품	2
화상읽기 잿가루	시카트릭스 잿가루	생활 소품	2
부끄럼가림 수건	푸도르 수건	생활 소품	2
온도기록 돌판	테르마 기록판	생활 소품	3
한숨 버팀쐐기	스피라 쐐기	생활 소품	1
미지근재 가루	테피다 재가루	생활 소품	2
남은따가움 실	레스타 따가움실	생활 소품	2
다음손가락 실	디지투스 세콰르 실	생활 소품	2
굳은무릎 계단	제누 계단	생활 소품	3
손바닥 화상표	팔마 화상표	생활 소품	1
검은물 비움잔	아테르 비움잔	생활 소품	2
다시일어남 끈	레수르고 끈	생활 소품	2
손끝열선 수반	디지투스 열선수반	생활 소품	2
빈장부 나무패	바쿠아 장부패	생활 소품	3
남은불 재집게	레스타 재집게	생활 소품	2
손잡이 온도실	마누비움 온도실	생활 소품	1
쓰임전 받침돌	안테우수스 받침돌	생활 소품	1
빠져나올 솔기	엑시투스 솔기	생활 소품	2
되돌림 손등띠	리토르노 손등띠	생활 소품	2
어깨맞춤 난간	우메루스 난간	생활 소품	3
한걸음 손잡이	파수스 손잡이	생활 소품	1
같이든 손자국	소키우스 손자국	생활 흔적	2
먼저물 바가지	프리마 물바가지	생활 소품	1
굳은손 장갑	리기다 장갑	생활 소품	4
손끝 틈바늘	디지투스 틈바늘	생활 소품	3
낮춤계단 못	그라두스 못	생활 소품	1
장갑숨 구멍	스피라 구멍	생활 소품	2
말랑안감 천	몰리스 안감천	생활 소품	2
숨풀림 붕대	스피라 붕대	생활 소품	1
낙인벗김 천	스티그마 천	생활 소품	2
빠진자리 끈	라쿠나 끈	생활 소품	2
첫흠 울림못	프리마 흠못	생활 소품	2
지킬 것 선	살바 선	생활 소품	3
노멘 냉수반	노멘 프리고반	생활 소품	2
낮은열 집게	테피다 집게	생활 소품	2
두손 물자리	비마누스 물자리	생활 소품	2
손등 도장천	도르숨 도장천	생활 소품	2
이유온도 먹	카우사 온도먹	생활 소품	1
무게돌림 끈	폰두스 회전끈	생활 소품	5
탄자리 붓	카르보 붓	생활 소품	3
세숨 매듭	트레스 스피라 매듭	생활 소품	1
기댐 목교	인클리나 목교	생활 장소	7
무명결 빗	아노니마 결빗	생활 소품	2
건넬때 종	트라도 종	생활 소품	3
방향갈대	아지무스 갈대	생활 소품	1
풀림석	솔루타석	생활 소품	9
앉음돌	세데스 돌	생활 소품	4
느슨못	락수스 못	생활 소품	2
태우지 말 것 표	논우르 표	생활 소품	1
굳은무릎 계단	제누 계단	생활 소품	1
손끝열선 수반	디지투스 열선수반	생활 소품	1
빠져나올 솔기	엑시투스 솔기	생활 소품	1
같이든 손자국	소키우스 손자국	생활 흔적	1
먼저물 바가지	프리마 물바가지	생활 소품	1
굳은손 장갑	리기다 장갑	생활 소품	1
손끝 틈바늘	디지투스 틈바늘	생활 소품	1
빠진자리 끈	라쿠나 끈	생활 소품	1
지킬 것 선	살바 선	생활 소품	1
손등 도장천	도르숨 도장천	생활 소품	1
무게돌림 끈	폰두스 회전끈	생활 소품	1
기댐 목교	인클리나 목교	생활 장소	1
건넬때 종	트라도 종	생활 소품	1
풀림석	솔루타석	생활 소품	1
앉음돌	세데스 돌	생활 소품	1
태우지 말 것 표	논우르 표	생활 소품	3
다시세움 못주머니	레스토 못주머니	생활 소품	1
무릎 자국 분필	제누 자국분필	생활 소품	1
반품손 온도장갑	리디투스 온도장갑	생활 소품	2
화상읽기 잿가루	시카트릭스 잿가루	생활 소품	3
부끄럼가림 수건	푸도르 수건	생활 소품	2
온도기록 돌판	테르마 기록판	생활 소품	1
한숨 버팀쐐기	스피라 쐐기	생활 소품	1
미지근재 가루	테피다 재가루	생활 소품	1
남은따가움 실	레스타 따가움실	생활 소품	2
다음손가락 실	디지투스 세콰르 실	생활 소품	1
검은물 비움잔	아테르 비움잔	생활 소품	2
다시일어남 끈	레수르고 끈	생활 소품	1
손끝열선 수반	디지투스 열선수반	생활 소품	2
빈장부 나무패	바쿠아 장부패	생활 소품	1
손잡이 온도실	마누비움 온도실	생활 소품	2
빠져나올 솔기	엑시투스 솔기	생활 소품	1
어깨맞춤 난간	우메루스 난간	생활 소품	1
한걸음 손잡이	파수스 손잡이	생활 소품	1
같이든 손자국	소키우스 손자국	생활 흔적	2
먼저물 바가지	프리마 물바가지	생활 소품	3
굳은손 장갑	리기다 장갑	생활 소품	1
손끝 틈바늘	디지투스 틈바늘	생활 소품	1
낮춤계단 못	그라두스 못	생활 소품	1
장갑숨 구멍	스피라 구멍	생활 소품	1
말랑안감 천	몰리스 안감천	생활 소품	1
숨풀림 붕대	스피라 붕대	생활 소품	1
낙인벗김 천	스티그마 천	생활 소품	3
빠진자리 끈	라쿠나 끈	생활 소품	1
첫흠 울림못	프리마 흠못	생활 소품	2
지킬 것 선	살바 선	생활 소품	3
노멘 냉수반	노멘 프리고반	생활 소품	3
두손 물자리	비마누스 물자리	생활 소품	3
손등 도장천	도르숨 도장천	생활 소품	2
이유온도 먹	카우사 온도먹	생활 소품	2
무게돌림 끈	폰두스 회전끈	생활 소품	2
탄자리 붓	카르보 붓	생활 소품	2
세숨 매듭	트레스 스피라 매듭	생활 소품	1
기댐 목교	인클리나 목교	생활 장소	1
무명결 빗	아노니마 결빗	생활 소품	2
건넬때 종	트라도 종	생활 소품	3
방향갈대	아지무스 갈대	생활 소품	2
풀림석	솔루타석	생활 소품	1
앉음돌	세데스 돌	생활 소품	1
느슨못	락수스 못	생활 소품	1
태우지 말 것 표	논우르 표	생활 소품	1
다시세움 못주머니	레스토 못주머니	생활 소품	1
무릎 자국 분필	제누 자국분필	생활 소품	1
반품손 온도장갑	리디투스 온도장갑	생활 소품	1
화상읽기 잿가루	시카트릭스 잿가루	생활 소품	1
부끄럼가림 수건	푸도르 수건	생활 소품	1
온도기록 돌판	테르마 기록판	생활 소품	1
한숨 버팀쐐기	스피라 쐐기	생활 소품	1
미지근재 가루	테피다 재가루	생활 소품	1
남은따가움 실	레스타 따가움실	생활 소품	1
다음손가락 실	디지투스 세콰르 실	생활 소품	1
굳은무릎 계단	제누 계단	생활 소품	4
검은물 비움잔	아테르 비움잔	생활 소품	1
다시일어남 끈	레수르고 끈	생활 소품	1
손끝열선 수반	디지투스 열선수반	생활 소품	2
빈장부 나무패	바쿠아 장부패	생활 소품	1
남은불 재집게	레스타 재집게	생활 소품	1
손잡이 온도실	마누비움 온도실	생활 소품	1
쓰임전 받침돌	안테우수스 받침돌	생활 소품	1
빠져나올 솔기	엑시투스 솔기	생활 소품	1
되돌림 손등띠	리토르노 손등띠	생활 소품	1
어깨맞춤 난간	우메루스 난간	생활 소품	1
한걸음 손잡이	파수스 손잡이	생활 소품	1
같이든 손자국	소키우스 손자국	생활 흔적	2
먼저물 바가지	프리마 물바가지	생활 소품	1
손끝 틈바늘	디지투스 틈바늘	생활 소품	1
낮춤계단 못	그라두스 못	생활 소품	1
장갑숨 구멍	스피라 구멍	생활 소품	1
말랑안감 천	몰리스 안감천	생활 소품	1
숨풀림 붕대	스피라 붕대	생활 소품	1
낙인벗김 천	스티그마 천	생활 소품	1
빠진자리 끈	라쿠나 끈	생활 소품	1
첫흠 울림못	프리마 흠못	생활 소품	1
지킬 것 선	살바 선	생활 소품	1
노멘 냉수반	노멘 프리고반	생활 소품	1
낮은열 집게	테피다 집게	생활 소품	1
두손 물자리	비마누스 물자리	생활 소품	2
손등 도장천	도르숨 도장천	생활 소품	1
이유온도 먹	카우사 온도먹	생활 소품	1
무게돌림 끈	폰두스 회전끈	생활 소품	1
탄자리 붓	카르보 붓	생활 소품	1
세숨 매듭	트레스 스피라 매듭	생활 소품	1
기댐 목교	인클리나 목교	생활 장소	4
무명결 빗	아노니마 결빗	생활 소품	1
건넬때 종	트라도 종	생활 소품	2
방향갈대	아지무스 갈대	생활 소품	1
풀림석	솔루타석	생활 소품	8
앉음돌	세데스 돌	생활 소품	1
느슨못	락수스 못	생활 소품	2
태우지 말 것 표	논우르 표	생활 소품	1
반품손 온도장갑	리디투스 온도장갑	생활 소품	1
온도기록 돌판	테르마 기록판	생활 소품	1
굳은무릎 계단	제누 계단	생활 소품	1
손끝열선 수반	디지투스 열선수반	생활 소품	1
빠져나올 솔기	엑시투스 솔기	생활 소품	1
같이든 손자국	소키우스 손자국	생활 흔적	1
굳은손 장갑	리기다 장갑	생활 소품	1
손끝 틈바늘	디지투스 틈바늘	생활 소품	1
장갑숨 구멍	스피라 구멍	생활 소품	1
낙인벗김 천	스티그마 천	생활 소품	2
지킬 것 선	살바 선	생활 소품	1
노멘 냉수반	노멘 프리고반	생활 소품	1
두손 물자리	비마누스 물자리	생활 소품	1
손등 도장천	도르숨 도장천	생활 소품	1
무게돌림 끈	폰두스 회전끈	생활 소품	1
세숨 매듭	트레스 스피라 매듭	생활 소품	1
기댐 목교	인클리나 목교	생활 장소	2
건넬때 종	트라도 종	생활 소품	1
풀림석	솔루타석	생활 소품	5
앉음돌	세데스 돌	생활 소품	2
느슨못	락수스 못	생활 소품	1
태우지 말 것 표	논우르 표	생활 소품	2
다시세움 못주머니	레스토 못주머니	생활 소품	2
무릎 자국 분필	제누 자국분필	생활 소품	2
반품손 온도장갑	리디투스 온도장갑	생활 소품	2
화상읽기 잿가루	시카트릭스 잿가루	생활 소품	2
부끄럼가림 수건	푸도르 수건	생활 소품	2
온도기록 돌판	테르마 기록판	생활 소품	2
한숨 버팀쐐기	스피라 쐐기	생활 소품	2
미지근재 가루	테피다 재가루	생활 소품	2
남은따가움 실	레스타 따가움실	생활 소품	2
다음손가락 실	디지투스 세콰르 실	생활 소품	2
굳은무릎 계단	제누 계단	생활 소품	4
손바닥 화상표	팔마 화상표	생활 소품	2
검은물 비움잔	아테르 비움잔	생활 소품	2
다시일어남 끈	레수르고 끈	생활 소품	2
손끝열선 수반	디지투스 열선수반	생활 소품	3
빈장부 나무패	바쿠아 장부패	생활 소품	2
남은불 재집게	레스타 재집게	생활 소품	2
손잡이 온도실	마누비움 온도실	생활 소품	2
쓰임전 받침돌	안테우수스 받침돌	생활 소품	2
빠져나올 솔기	엑시투스 솔기	생활 소품	2
되돌림 손등띠	리토르노 손등띠	생활 소품	2
어깨맞춤 난간	우메루스 난간	생활 소품	2
한걸음 손잡이	파수스 손잡이	생활 소품	2
같이든 손자국	소키우스 손자국	생활 흔적	3
먼저물 바가지	프리마 물바가지	생활 소품	2
굳은손 장갑	리기다 장갑	생활 소품	2
손끝 틈바늘	디지투스 틈바늘	생활 소품	2
낮춤계단 못	그라두스 못	생활 소품	2
장갑숨 구멍	스피라 구멍	생활 소품	2
말랑안감 천	몰리스 안감천	생활 소품	2
숨풀림 붕대	스피라 붕대	생활 소품	2
낙인벗김 천	스티그마 천	생활 소품	2
빠진자리 끈	라쿠나 끈	생활 소품	2
첫흠 울림못	프리마 흠못	생활 소품	2
지킬 것 선	살바 선	생활 소품	2
노멘 냉수반	노멘 프리고반	생활 소품	2
낮은열 집게	테피다 집게	생활 소품	2
두손 물자리	비마누스 물자리	생활 소품	3
손등 도장천	도르숨 도장천	생활 소품	2
이유온도 먹	카우사 온도먹	생활 소품	2
무게돌림 끈	폰두스 회전끈	생활 소품	2
탄자리 붓	카르보 붓	생활 소품	2
세숨 매듭	트레스 스피라 매듭	생활 소품	2
기댐 목교	인클리나 목교	생활 장소	4
무명결 빗	아노니마 결빗	생활 소품	2
건넬때 종	트라도 종	생활 소품	3
방향갈대	아지무스 갈대	생활 소품	2
풀림석	솔루타석	생활 소품	6
앉음돌	세데스 돌	생활 소품	2
느슨못	락수스 못	생활 소품	3
태우지 말 것 표	논우르 표	생활 소품	1
다시세움 못주머니	레스토 못주머니	생활 소품	1
무릎 자국 분필	제누 자국분필	생활 소품	1
반품손 온도장갑	리디투스 온도장갑	생활 소품	1
화상읽기 잿가루	시카트릭스 잿가루	생활 소품	1
온도기록 돌판	테르마 기록판	생활 소품	1
한숨 버팀쐐기	스피라 쐐기	생활 소품	1
다음손가락 실	디지투스 세콰르 실	생활 소품	1
다시일어남 끈	레수르고 끈	생활 소품	1
손끝열선 수반	디지투스 열선수반	생활 소품	1
빈장부 나무패	바쿠아 장부패	생활 소품	1
빠져나올 솔기	엑시투스 솔기	생활 소품	1
어깨맞춤 난간	우메루스 난간	생활 소품	1
같이든 손자국	소키우스 손자국	생활 흔적	1
먼저물 바가지	프리마 물바가지	생활 소품	1
굳은손 장갑	리기다 장갑	생활 소품	1
손끝 틈바늘	디지투스 틈바늘	생활 소품	1
낮춤계단 못	그라두스 못	생활 소품	1
장갑숨 구멍	스피라 구멍	생활 소품	1
숨풀림 붕대	스피라 붕대	생활 소품	1
낙인벗김 천	스티그마 천	생활 소품	1
빠진자리 끈	라쿠나 끈	생활 소품	1
첫흠 울림못	프리마 흠못	생활 소품	1
지킬 것 선	살바 선	생활 소품	1
노멘 냉수반	노멘 프리고반	생활 소품	1
손등 도장천	도르숨 도장천	생활 소품	1
무게돌림 끈	폰두스 회전끈	생활 소품	1
탄자리 붓	카르보 붓	생활 소품	1
기댐 목교	인클리나 목교	생활 장소	1
건넬때 종	트라도 종	생활 소품	1
풀림석	솔루타석	생활 소품	1
앉음돌	세데스 돌	생활 소품	1
느슨못	락수스 못	생활 소품	1
반품손 온도장갑	리디투스 온도장갑	생활 소품	3
같이든 손자국	소키우스 손자국	생활 흔적	4
첫흠 울림못	프리마 흠못	생활 소품	4
손등 도장천	도르숨 도장천	생활 소품	6
무명결 빗	아노니마 결빗	생활 소품	3
다시세움 못주머니	레스토 못주머니	생활 소품	4
무릎 자국 분필	제누 자국분필	생활 소품	5
온도기록 돌판	테르마 기록판	생활 소품	5
한숨 버팀쐐기	스피라 쐐기	생활 소품	2
미지근재 가루	테피다 재가루	생활 소품	2
다음손가락 실	디지투스 세콰르 실	생활 소품	3
굳은무릎 계단	제누 계단	생활 소품	5
다시일어남 끈	레수르고 끈	생활 소품	4
빈장부 나무패	바쿠아 장부패	생활 소품	4
빠져나올 솔기	엑시투스 솔기	생활 소품	6
어깨맞춤 난간	우메루스 난간	생활 소품	3
한걸음 손잡이	파수스 손잡이	생활 소품	2
굳은손 장갑	리기다 장갑	생활 소품	4
손끝 틈바늘	디지투스 틈바늘	생활 소품	5
낮춤계단 못	그라두스 못	생활 소품	4
장갑숨 구멍	스피라 구멍	생활 소품	2
말랑안감 천	몰리스 안감천	생활 소품	2
숨풀림 붕대	스피라 붕대	생활 소품	2
빠진자리 끈	라쿠나 끈	생활 소품	3
무게돌림 끈	폰두스 회전끈	생활 소품	5
기댐 목교	인클리나 목교	생활 장소	7
풀림석	솔루타석	생활 소품	9
앉음돌	세데스 돌	생활 소품	5
느슨못	락수스 못	생활 소품	4
앉음돌	세데스 돌	생활 소품	1
태우지 말 것 표	논우르 표	생활 소품	6
화상읽기 잿가루	시카트릭스 잿가루	생활 소품	2
부끄럼가림 수건	푸도르 수건	생활 소품	3
남은따가움 실	레스타 따가움실	생활 소품	4
손바닥 화상표	팔마 화상표	생활 소품	6
검은물 비움잔	아테르 비움잔	생활 소품	4
손끝열선 수반	디지투스 열선수반	생활 소품	3
남은불 재집게	레스타 재집게	생활 소품	2
손잡이 온도실	마누비움 온도실	생활 소품	2
쓰임전 받침돌	안테우수스 받침돌	생활 소품	2
되돌림 손등띠	리토르노 손등띠	생활 소품	2
먼저물 바가지	프리마 물바가지	생활 소품	3
낙인벗김 천	스티그마 천	생활 소품	5
지킬 것 선	살바 선	생활 소품	5
노멘 냉수반	노멘 프리고반	생활 소품	4
낮은열 집게	테피다 집게	생활 소품	1
두손 물자리	비마누스 물자리	생활 소품	4
이유온도 먹	카우사 온도먹	생활 소품	2
탄자리 붓	카르보 붓	생활 소품	4
세숨 매듭	트레스 스피라 매듭	생활 소품	2
건넬때 종	트라도 종	생활 소품	6
방향갈대	아지무스 갈대	생활 소품	3
굳은무릎 계단	제누 계단	생활 소품	1
기댐 목교	인클리나 목교	생활 장소	1
풀림석	솔루타석	생활 소품	1
반품손 온도장갑	리디투스 온도장갑	생활 소품	1
같이든 손자국	소키우스 손자국	생활 흔적	3
첫흠 울림못	프리마 흠못	생활 소품	2
손등 도장천	도르숨 도장천	생활 소품	5
무명결 빗	아노니마 결빗	생활 소품	1
다시세움 못주머니	레스토 못주머니	생활 소품	1
무릎 자국 분필	제누 자국분필	생활 소품	2
온도기록 돌판	테르마 기록판	생활 소품	1
한숨 버팀쐐기	스피라 쐐기	생활 소품	1
다음손가락 실	디지투스 세콰르 실	생활 소품	1
굳은무릎 계단	제누 계단	생활 소품	3
다시일어남 끈	레수르고 끈	생활 소품	1
빈장부 나무패	바쿠아 장부패	생활 소품	1
빠져나올 솔기	엑시투스 솔기	생활 소품	2
어깨맞춤 난간	우메루스 난간	생활 소품	1
한걸음 손잡이	파수스 손잡이	생활 소품	1
굳은손 장갑	리기다 장갑	생활 소품	2
손끝 틈바늘	디지투스 틈바늘	생활 소품	2
숨풀림 붕대	스피라 붕대	생활 소품	1
빠진자리 끈	라쿠나 끈	생활 소품	1
무게돌림 끈	폰두스 회전끈	생활 소품	2
기댐 목교	인클리나 목교	생활 장소	4
풀림석	솔루타석	생활 소품	4
앉음돌	세데스 돌	생활 소품	2
느슨못	락수스 못	생활 소품	1
태우지 말 것 표	논우르 표	생활 소품	2
다시세움 못주머니	레스토 못주머니	생활 소품	1
무릎 자국 분필	제누 자국분필	생활 소품	1
화상읽기 잿가루	시카트릭스 잿가루	생활 소품	1
부끄럼가림 수건	푸도르 수건	생활 소품	1
온도기록 돌판	테르마 기록판	생활 소품	2
한숨 버팀쐐기	스피라 쐐기	생활 소품	1
남은따가움 실	레스타 따가움실	생활 소품	1
다음손가락 실	디지투스 세콰르 실	생활 소품	1
굳은무릎 계단	제누 계단	생활 소품	3
손바닥 화상표	팔마 화상표	생활 소품	2
검은물 비움잔	아테르 비움잔	생활 소품	1
다시일어남 끈	레수르고 끈	생활 소품	1
손끝열선 수반	디지투스 열선수반	생활 소품	2
빈장부 나무패	바쿠아 장부패	생활 소품	1
남은불 재집게	레스타 재집게	생활 소품	1
손잡이 온도실	마누비움 온도실	생활 소품	1
빠져나올 솔기	엑시투스 솔기	생활 소품	2
되돌림 손등띠	리토르노 손등띠	생활 소품	1
어깨맞춤 난간	우메루스 난간	생활 소품	1
한걸음 손잡이	파수스 손잡이	생활 소품	1
먼저물 바가지	프리마 물바가지	생활 소품	1
굳은손 장갑	리기다 장갑	생활 소품	1
손끝 틈바늘	디지투스 틈바늘	생활 소품	2
낮춤계단 못	그라두스 못	생활 소품	2
숨풀림 붕대	스피라 붕대	생활 소품	1
낙인벗김 천	스티그마 천	생활 소품	2
빠진자리 끈	라쿠나 끈	생활 소품	1
지킬 것 선	살바 선	생활 소품	2
노멘 냉수반	노멘 프리고반	생활 소품	2
두손 물자리	비마누스 물자리	생활 소품	1
이유온도 먹	카우사 온도먹	생활 소품	1
무게돌림 끈	폰두스 회전끈	생활 소품	1
탄자리 붓	카르보 붓	생활 소품	1
세숨 매듭	트레스 스피라 매듭	생활 소품	1
기댐 목교	인클리나 목교	생활 장소	4
건넬때 종	트라도 종	생활 소품	2
방향갈대	아지무스 갈대	생활 소품	1
풀림석	솔루타석	생활 소품	7
앉음돌	세데스 돌	생활 소품	2
느슨못	락수스 못	생활 소품	2
빈장부 나무패	바쿠아 장부패	생활 소품	6
어깨맞춤 난간	우메루스 난간	생활 소품	6
한걸음 손잡이	파수스 손잡이	생활 소품	5
무게돌림 끈	폰두스 회전끈	생활 소품	6
기댐 목교	인클리나 목교	생활 장소	7
풀림석	솔루타석	생활 소품	1
앉음돌	세데스 돌	생활 소품	1
반품손 온도장갑	리디투스 온도장갑	생활 소품	4
같이든 손자국	소키우스 손자국	생활 흔적	7
첫흠 울림못	프리마 흠못	생활 소품	4
손등 도장천	도르숨 도장천	생활 소품	7
무명결 빗	아노니마 결빗	생활 소품	4
태우지 말 것 표	논우르 표	생활 소품	9
화상읽기 잿가루	시카트릭스 잿가루	생활 소품	3
손바닥 화상표	팔마 화상표	생활 소품	2
되돌림 손등띠	리토르노 손등띠	생활 소품	5
지킬 것 선	살바 선	생활 소품	9
세숨 매듭	트레스 스피라 매듭	생활 소품	6
무게돌림 끈	폰두스 회전끈	생활 소품	1
다시세움 못주머니	레스토 못주머니	생활 소품	6
무릎 자국 분필	제누 자국분필	생활 소품	2
한숨 버팀쐐기	스피라 쐐기	생활 소품	3
빠진자리 끈	라쿠나 끈	생활 소품	5
기댐 목교	인클리나 목교	생활 장소	2
풀림석	솔루타석	생활 소품	4
느슨못	락수스 못	생활 소품	6
무릎 자국 분필	제누 자국분필	생활 소품	6
굳은무릎 계단	제누 계단	생활 소품	9
다시일어남 끈	레수르고 끈	생활 소품	5
굳은손 장갑	리기다 장갑	생활 소품	1
낮춤계단 못	그라두스 못	생활 소품	4
기댐 목교	인클리나 목교	생활 장소	1
풀림석	솔루타석	생활 소품	1
앉음돌	세데스 돌	생활 소품	8
빠져나올 솔기	엑시투스 솔기	생활 소품	8
굳은손 장갑	리기다 장갑	생활 소품	7
손끝 틈바늘	디지투스 틈바늘	생활 소품	10
장갑숨 구멍	스피라 구멍	생활 소품	4
말랑안감 천	몰리스 안감천	생활 소품	2
숨풀림 붕대	스피라 붕대	생활 소품	8
기댐 목교	인클리나 목교	생활 장소	1
풀림석	솔루타석	생활 소품	1
앉음돌	세데스 돌	생활 소품	3
부끄럼가림 수건	푸도르 수건	생활 소품	4
검은물 비움잔	아테르 비움잔	생활 소품	5
손끝열선 수반	디지투스 열선수반	생활 소품	8
먼저물 바가지	프리마 물바가지	생활 소품	6
두손 물자리	비마누스 물자리	생활 소품	6
방향갈대	아지무스 갈대	생활 소품	4
온도기록 돌판	테르마 기록판	생활 소품	6
미지근재 가루	테피다 재가루	생활 소품	4
다음손가락 실	디지투스 세콰르 실	생활 소품	5
기댐 목교	인클리나 목교	생활 장소	1
풀림석	솔루타석	생활 소품	15
지킬 것 선	살바 선	생활 소품	1
무게돌림 끈	폰두스 회전끈	생활 소품	1
탄자리 붓	카르보 붓	생활 소품	1
남은불 재집게	레스타 재집게	생활 소품	4
손잡이 온도실	마누비움 온도실	생활 소품	5
쓰임전 받침돌	안테우수스 받침돌	생활 소품	4
노멘 냉수반	노멘 프리고반	생활 소품	7
낮은열 집게	테피다 집게	생활 소품	4
건넬때 종	트라도 종	생활 소품	11
무게돌림 끈	폰두스 회전끈	생활 소품	1
화상읽기 잿가루	시카트릭스 잿가루	생활 소품	3
남은따가움 실	레스타 따가움실	생활 소품	6
손바닥 화상표	팔마 화상표	생활 소품	6
낙인벗김 천	스티그마 천	생활 소품	7
이유온도 먹	카우사 온도먹	생활 소품	3
탄자리 붓	카르보 붓	생활 소품	5
무게 없는 추의 방	임폰두스 추방	퀘스티오 공간	1
오르비스 수호자	쿠스토스 오르비스	장치/존재	1
옆문 수선망치	라테라 수선망치	생활 소품	1
귀환물결 표식	리디투스 물결표	생활 소품	3
심장나무 씨앗	코르 아르보르 씨앗	유기물	1
반걸음 받침돌	세미파수스 받침돌	생활 소품	2
오늘질문 잉크	호디에 잉크	생활 소품	2
정면문 손잡이	프론스 손잡이	생활 소품	2
젖은끝 매듭	우다 끝매듭	생활 소품	4
가능문장 패	포텐티아 문장패	생활 소품	5
되묻는 담요	리퀘스티오 담요	생활 소품	1
사각 분리실	콰드라 세파라	퀘스티오 공간	1
젖은단어 돌	우다 단어돌	생활 소품	5
맞춤자 리본	메트룸 리본	생활 소품	2
빈웃음 의자	바쿠아 리수스 의자	생활 소품	2
반쪽 기록판	디미디아 기록판	생활 소품	1
접은 박수표	플라우수스 접표	생활 소품	1
한걸음 표석	파수스 표석	생활 소품	1
되돌이 경첩	리토르노 경첩	생활 소품	5
첫숨 악보석	프리마 숨악보석	생활 소품	3
농담끝 쉼표	리수스 쉼표	생활 소품	4
다음숨 조율	세콰르 숨조율	생활 예법	2
현재발자국	악투스 발자국	생활 흔적	2
낮은두레박	바사 두레박	생활 소품	1
미룬 악보	모라 악보	생활 소품	4
남겨둔 잔	레스타 잔	생활 소품	1
부담 저울	온우스 저울	생활 소품	1
한문장 못	우눔 문장못	생활 소품	3
그늘빨랫줄	움브라 빨랫줄	생활 소품	2
웃음보자기	리수스 보자기	생활 소품	4
되묻기 칸	리퀘스티오 칸	생활 소품	1
빈보증 표	바쿠아 보증표	생활 소품	1
빈칸 먹줄	라쿠나 먹줄	생활 소품	1
여백별핀	마르고 별핀	생활 소품	1
보류집게	모라 집게	생활 소품	1
반반 잔	디미디아 잔	생활 소품	5
농담다리	리수스 다리	생활 소품	5
문턱등잔	리멘 등잔	생활 소품	2
온기국자	테피다 국자	생활 소품	1
박수끈	플라우수스 끈	생활 소품	2
도움끈	아욱실리움 끈	생활 소품	3
보류등	모라등	생활 소품	3
쉼물컵	오티움 물컵	생활 소품	5
끝농담	울티마 리수스	생활 예법	6
돌아오지 않는 문	논리디투스 문	생활 장소	3
손끝 가격 지우기	디지투스 가격지움	생활 예법	1
여기까지만 말하기	리멘 발화	생활 예법	1
반걸음 기대기	세미파수스 기대기	생활 예법	1
되묻는 책갈피	리퀘스티오 책갈피	생활 소품	1
옆문 수선망치	라테라 수선망치	생활 소품	1
귀환물결 표식	리디투스 물결표	생활 소품	2
느슨돌림 고리	락수스 회전고리	생활 소품	1
접힌 길 안내	플리카 길안내	생활 예법	1
발닿음 받침돌	페스 받침돌	생활 소품	2
반걸음 받침돌	세미파수스 받침돌	생활 소품	1
오늘질문 잉크	호디에 잉크	생활 소품	1
정면문 손잡이	프론스 손잡이	생활 소품	2
닫힌증언 봉투	클라우사 증언봉투	생활 소품	1
틈빛 드러내기	라쿠나빛 드러내기	생활 예법	1
젖은끝 매듭	우다 끝매듭	생활 소품	2
한쪽발 딛기	세미페스 딛기	생활 예법	1
남은손 인사	레스타 손인사	생활 예법	1
가능문장 패	포텐티아 문장패	생활 소품	5
곁걸음 방울	라테라 걸음방울	생활 소품	2
대신 줄서기	비카리우스 줄	생활 예법	1
되묻는 담요	리퀘스티오 담요	생활 소품	1
곁자리 의자	라테라 의자	생활 소품	2
짐말 되받기	온우스 회수	생활 예법	1
젖은단어 돌	우다 단어돌	생활 소품	5
맞춤자 리본	메트룸 리본	생활 소품	1
빈웃음 의자	바쿠아 리수스 의자	생활 소품	1
반쪽 기록판	디미디아 기록판	생활 소품	2
접은 박수표	플라우수스 접표	생활 소품	1
못본척 예법	라테오 예법	생활 예법	1
되비침 미소	레플렉스 미소	생활 예법	1
한박자 늦춤	모라 박자	생활 예법	1
첫물결 읽기	프리마 물결읽기	생활 예법	1
한걸음 표석	파수스 표석	생활 소품	2
되돌이 경첩	리토르노 경첩	생활 소품	8
서툰목 맞춤	루디스 목맞춤	생활 예법	1
첫숨 악보석	프리마 숨악보석	생활 소품	3
농담끝 쉼표	리수스 쉼표	생활 소품	6
다음숨 조율	세콰르 숨조율	생활 예법	1
현재발자국	악투스 발자국	생활 흔적	2
눈결 채록	오쿨루스 채록	생활 예법	1
옛모양 실	베투스 형실	생활 소품	3
흔들림 잔	트레모르 잔	생활 소품	2
낮은두레박	바사 두레박	생활 소품	2
미룬 악보	모라 악보	생활 소품	5
빈서명 깃	바쿠아 서명깃	생활 소품	2
남겨둔 잔	레스타 잔	생활 소품	2
부담 저울	온우스 저울	생활 소품	2
한문장 못	우눔 문장못	생활 소품	3
표정 권유	볼투스 권유	생활 예법	1
그늘빨랫줄	움브라 빨랫줄	생활 소품	3
웃음보자기	리수스 보자기	생활 소품	9
박수 유도	플라우수스 유도	생활 예법	1
두손 잇기	비마누스 잇기	생활 예법	1
되묻기 칸	리퀘스티오 칸	생활 소품	3
옆문 세공	라테라 문세공	생활 예법	1
빈손 요청	바쿠아 손요청	생활 예법	1
빈보증 표	바쿠아 보증표	생활 소품	5
빈잔 조율	바쿠아 잔조율	생활 예법	1
선불 사과	안테 그라티아	생활 예법	1
빈칸 먹줄	라쿠나 먹줄	생활 소품	2
여백별핀	마르고 별핀	생활 소품	3
보류집게	모라 집게	생활 소품	1
맞춤웃음	미메시스 미소	생활 예법	1
반반 잔	디미디아 잔	생활 소품	2
농담다리	리수스 다리	생활 소품	3
문턱등잔	리멘 등잔	생활 소품	3
온기국자	테피다 국자	생활 소품	2
박수끈	플라우수스 끈	생활 소품	2
도움끈	아욱실리움 끈	생활 소품	8
보류등	모라등	생활 소품	5
쉼물컵	오티움 물컵	생활 소품	3
끝농담	울티마 리수스	생활 예법	6
빈판정	바쿠아 판정	생활 소품	1
오르비스 수호자	쿠스토스 오르비스	장치/존재	2
귀환물결 표식	리디투스 물결표	생활 소품	1
오늘질문 잉크	호디에 잉크	생활 소품	1
젖은끝 매듭	우다 끝매듭	생활 소품	1
가능문장 패	포텐티아 문장패	생활 소품	1
에라타 소거	에라타 클라우숨	장치/운용	1
젖은단어 돌	우다 단어돌	생활 소품	1
빈웃음 의자	바쿠아 리수스 의자	생활 소품	1
반쪽 기록판	디미디아 기록판	생활 소품	1
되돌이 경첩	리토르노 경첩	생활 소품	1
농담끝 쉼표	리수스 쉼표	생활 소품	1
다음숨 조율	세콰르 숨조율	생활 예법	1
현재발자국	악투스 발자국	생활 흔적	1
낮은두레박	바사 두레박	생활 소품	1
미룬 악보	모라 악보	생활 소품	1
한문장 못	우눔 문장못	생활 소품	1
그늘빨랫줄	움브라 빨랫줄	생활 소품	1
웃음보자기	리수스 보자기	생활 소품	2
빈칸 먹줄	라쿠나 먹줄	생활 소품	1
보류집게	모라 집게	생활 소품	1
농담다리	리수스 다리	생활 소품	2
문턱등잔	리멘 등잔	생활 소품	1
도움끈	아욱실리움 끈	생활 소품	1
쉼물컵	오티움 물컵	생활 소품	1
끝농담	울티마 리수스	생활 예법	1
오르비스 수호자	쿠스토스 오르비스	장치/존재	2
옆문 수선망치	라테라 수선망치	생활 소품	1
귀환물결 표식	리디투스 물결표	생활 소품	1
느슨돌림 고리	락수스 회전고리	생활 소품	2
심장나무 씨앗	코르 아르보르 씨앗	유기물	1
발닿음 받침돌	페스 받침돌	생활 소품	2
반걸음 받침돌	세미파수스 받침돌	생활 소품	2
오늘질문 잉크	호디에 잉크	생활 소품	2
닫힌증언 봉투	클라우사 증언봉투	생활 소품	3
젖은끝 매듭	우다 끝매듭	생활 소품	2
가능문장 패	포텐티아 문장패	생활 소품	2
곁걸음 방울	라테라 걸음방울	생활 소품	3
되묻는 담요	리퀘스티오 담요	생활 소품	2
곁자리 의자	라테라 의자	생활 소품	5
에라타 소거	에라타 클라우숨	장치/운용	2
젖은단어 돌	우다 단어돌	생활 소품	2
맞춤자 리본	메트룸 리본	생활 소품	1
빈웃음 의자	바쿠아 리수스 의자	생활 소품	1
반쪽 기록판	디미디아 기록판	생활 소품	3
접은 박수표	플라우수스 접표	생활 소품	1
한걸음 표석	파수스 표석	생활 소품	2
되돌이 경첩	리토르노 경첩	생활 소품	1
첫숨 악보석	프리마 숨악보석	생활 소품	1
농담끝 쉼표	리수스 쉼표	생활 소품	1
다음숨 조율	세콰르 숨조율	생활 예법	2
현재발자국	악투스 발자국	생활 흔적	3
옛모양 실	베투스 형실	생활 소품	3
흔들림 잔	트레모르 잔	생활 소품	3
낮은두레박	바사 두레박	생활 소품	1
미룬 악보	모라 악보	생활 소품	3
빈서명 깃	바쿠아 서명깃	생활 소품	2
남겨둔 잔	레스타 잔	생활 소품	2
부담 저울	온우스 저울	생활 소품	2
한문장 못	우눔 문장못	생활 소품	2
균형 합금	리브라 합금	무기물	2
그늘빨랫줄	움브라 빨랫줄	생활 소품	1
웃음보자기	리수스 보자기	생활 소품	1
되묻기 칸	리퀘스티오 칸	생활 소품	2
빈보증 표	바쿠아 보증표	생활 소품	2
빈칸 먹줄	라쿠나 먹줄	생활 소품	2
여백별핀	마르고 별핀	생활 소품	2
보류집게	모라 집게	생활 소품	1
반반 잔	디미디아 잔	생활 소품	3
문턱등잔	리멘 등잔	생활 소품	1
온기국자	테피다 국자	생활 소품	2
박수끈	플라우수스 끈	생활 소품	1
도움끈	아욱실리움 끈	생활 소품	2
보류등	모라등	생활 소품	2
쉼물컵	오티움 물컵	생활 소품	1
끝농담	울티마 리수스	생활 예법	3
천장으로 흐르는 모래	카엘룸 모래	장면 물성	3
물그릇과 마른 풀잎	우다 그릇과 시카 잎	장면 소품	1
무게 없는 추의 방	임폰두스 추방	퀘스티오 공간	1
돌아오지 않는 문	논리디투스 문	생활 장소	1
벗은 아테르 가면	누다 아테르 가면	무기물	2
미완성 원의 방	라쿠나 오르비스 방	퀘스티오 공간	1
무게 없는 고리	온우스 바쿠움 고리	장면 소품	1
심장실 검은 구	코르 아테르 구	장면 소품	1
오르비스 수호자	쿠스토스 오르비스	장치/존재	2
옆문 수선망치	라테라 수선망치	생활 소품	1
귀환물결 표식	리디투스 물결표	생활 소품	1
느슨돌림 고리	락수스 회전고리	생활 소품	1
심장나무 씨앗	코르 아르보르 씨앗	유기물	1
발닿음 받침돌	페스 받침돌	생활 소품	2
반걸음 받침돌	세미파수스 받침돌	생활 소품	1
검은 편지봉투	아테르 편지봉투	장면 소품	1
오늘질문 잉크	호디에 잉크	생활 소품	1
정면문 손잡이	프론스 손잡이	생활 소품	1
닫힌증언 봉투	클라우사 증언봉투	생활 소품	1
젖은끝 매듭	우다 끝매듭	생활 소품	1
가능문장 패	포텐티아 문장패	생활 소품	2
곁걸음 방울	라테라 걸음방울	생활 소품	1
되묻는 담요	리퀘스티오 담요	생활 소품	1
곁자리 의자	라테라 의자	생활 소품	1
사각 분리실	콰드라 세파라	퀘스티오 공간	1
한 음의 방	우눔 토누스 방	퀘스티오 공간	1
담장 사슬길	카테나 담장길	장면 공간	1
에라타 소거	에라타 클라우숨	장치/운용	2
젖은단어 돌	우다 단어돌	생활 소품	3
맞춤자 리본	메트룸 리본	생활 소품	2
빈웃음 의자	바쿠아 리수스 의자	생활 소품	1
반쪽 기록판	디미디아 기록판	생활 소품	1
접은 박수표	플라우수스 접표	생활 소품	1
한걸음 표석	파수스 표석	생활 소품	1
되돌이 경첩	리토르노 경첩	생활 소품	2
농담끝 쉼표	리수스 쉼표	생활 소품	2
다음숨 조율	세콰르 숨조율	생활 예법	1
현재발자국	악투스 발자국	생활 흔적	1
옛모양 실	베투스 형실	생활 소품	2
흔들림 잔	트레모르 잔	생활 소품	1
낮은두레박	바사 두레박	생활 소품	1
미룬 악보	모라 악보	생활 소품	3
빈서명 깃	바쿠아 서명깃	생활 소품	1
남겨둔 잔	레스타 잔	생활 소품	1
부담 저울	온우스 저울	생활 소품	1
한문장 못	우눔 문장못	생활 소품	2
그늘빨랫줄	움브라 빨랫줄	생활 소품	1
웃음보자기	리수스 보자기	생활 소품	4
낮말 교정	솔라 딕툼 교정	장면 예법	1
되묻기 칸	리퀘스티오 칸	생활 소품	1
한선 매듭	우눔 리네아 매듭	장면 소품	1
빈보증 표	바쿠아 보증표	생활 소품	1
반쪽 가면	디미디아 가면	퀘스티오 소품	3
빈칸 먹줄	라쿠나 먹줄	생활 소품	1
여백별핀	마르고 별핀	생활 소품	2
보류집게	모라 집게	생활 소품	1
반반 잔	디미디아 잔	생활 소품	2
농담다리	리수스 다리	생활 소품	1
문턱등잔	리멘 등잔	생활 소품	1
온기국자	테피다 국자	생활 소품	1
박수끈	플라우수스 끈	생활 소품	1
도움끈	아욱실리움 끈	생활 소품	1
보류등	모라등	생활 소품	3
쉼물컵	오티움 물컵	생활 소품	3
끝농담	울티마 리수스	생활 예법	2
귀환물결 표식	리디투스 물결표	생활 소품	1
심장나무 씨앗	코르 아르보르 씨앗	유기물	1
젖은끝 매듭	우다 끝매듭	생활 소품	1
가능문장 패	포텐티아 문장패	생활 소품	2
곁자리 의자	라테라 의자	생활 소품	1
젖은단어 돌	우다 단어돌	생활 소품	1
맞춤자 리본	메트룸 리본	생활 소품	1
되돌이 경첩	리토르노 경첩	생활 소품	2
첫숨 악보석	프리마 숨악보석	생활 소품	1
농담끝 쉼표	리수스 쉼표	생활 소품	2
옛모양 실	베투스 형실	생활 소품	1
미룬 악보	모라 악보	생활 소품	2
한문장 못	우눔 문장못	생활 소품	3
그늘빨랫줄	움브라 빨랫줄	생활 소품	1
웃음보자기	리수스 보자기	생활 소품	4
농담다리	리수스 다리	생활 소품	4
박수끈	플라우수스 끈	생활 소품	1
보류등	모라등	생활 소품	2
쉼물컵	오티움 물컵	생활 소품	2
끝농담	울티마 리수스	생활 예법	3
돌아오지 않는 문	논리디투스 문	생활 장소	1
벗은 아테르 가면	누다 아테르 가면	무기물	1
오르비스 수호자	쿠스토스 오르비스	장치/존재	3
옆문 수선망치	라테라 수선망치	생활 소품	2
귀환물결 표식	리디투스 물결표	생활 소품	1
느슨돌림 고리	락수스 회전고리	생활 소품	2
발닿음 받침돌	페스 받침돌	생활 소품	3
반걸음 받침돌	세미파수스 받침돌	생활 소품	2
오늘질문 잉크	호디에 잉크	생활 소품	2
정면문 손잡이	프론스 손잡이	생활 소품	3
닫힌증언 봉투	클라우사 증언봉투	생활 소품	2
젖은끝 매듭	우다 끝매듭	생활 소품	2
가능문장 패	포텐티아 문장패	생활 소품	3
곁걸음 방울	라테라 걸음방울	생활 소품	2
되묻는 담요	리퀘스티오 담요	생활 소품	2
곁자리 의자	라테라 의자	생활 소품	2
젖은단어 돌	우다 단어돌	생활 소품	3
맞춤자 리본	메트룸 리본	생활 소품	2
빈웃음 의자	바쿠아 리수스 의자	생활 소품	2
반쪽 기록판	디미디아 기록판	생활 소품	1
접은 박수표	플라우수스 접표	생활 소품	1
한걸음 표석	파수스 표석	생활 소품	2
되돌이 경첩	리토르노 경첩	생활 소품	3
농담끝 쉼표	리수스 쉼표	생활 소품	3
다음숨 조율	세콰르 숨조율	생활 예법	2
현재발자국	악투스 발자국	생활 흔적	2
옛모양 실	베투스 형실	생활 소품	3
흔들림 잔	트레모르 잔	생활 소품	2
낮은두레박	바사 두레박	생활 소품	1
미룬 악보	모라 악보	생활 소품	1
빈서명 깃	바쿠아 서명깃	생활 소품	2
남겨둔 잔	레스타 잔	생활 소품	2
부담 저울	온우스 저울	생활 소품	2
한문장 못	우눔 문장못	생활 소품	3
그늘빨랫줄	움브라 빨랫줄	생활 소품	2
웃음보자기	리수스 보자기	생활 소품	7
되묻기 칸	리퀘스티오 칸	생활 소품	2
빈보증 표	바쿠아 보증표	생활 소품	2
빈칸 먹줄	라쿠나 먹줄	생활 소품	1
여백별핀	마르고 별핀	생활 소품	3
보류집게	모라 집게	생활 소품	1
반반 잔	디미디아 잔	생활 소품	3
농담다리	리수스 다리	생활 소품	1
문턱등잔	리멘 등잔	생활 소품	1
온기국자	테피다 국자	생활 소품	2
박수끈	플라우수스 끈	생활 소품	1
도움끈	아욱실리움 끈	생활 소품	2
보류등	모라등	생활 소품	3
쉼물컵	오티움 물컵	생활 소품	3
끝농담	울티마 리수스	생활 예법	3
검은 편지봉투	아테르 편지봉투	장면 소품	1
천장으로 흐르는 모래	카엘룸 모래	장면 물성	2
물그릇과 마른 풀잎	우다 그릇과 시카 잎	장면 소품	2
무게 없는 고리	온우스 바쿠움 고리	장면 소품	2
심장실 검은 구	코르 아테르 구	장면 소품	4
오르비스 수호자	쿠스토스 오르비스	장치/존재	2
검은 편지봉투	아테르 편지봉투	장면 소품	3
담장 사슬길	카테나 담장길	장면 공간	2
에라타 소거	에라타 클라우숨	장치/운용	1
낮말 교정	솔라 딕툼 교정	장면 예법	3
한선 매듭	우눔 리네아 매듭	장면 소품	1
반쪽 가면	디미디아 가면	퀘스티오 소품	4
반걸음 받침돌	세미파수스 받침돌	생활 소품	1
오늘질문 잉크	호디에 잉크	생활 소품	1
닫힌증언 봉투	클라우사 증언봉투	생활 소품	1
젖은끝 매듭	우다 끝매듭	생활 소품	1
가능문장 패	포텐티아 문장패	생활 소품	2
곁걸음 방울	라테라 걸음방울	생활 소품	1
곁자리 의자	라테라 의자	생활 소품	1
젖은단어 돌	우다 단어돌	생활 소품	1
반쪽 기록판	디미디아 기록판	생활 소품	1
한걸음 표석	파수스 표석	생활 소품	1
되돌이 경첩	리토르노 경첩	생활 소품	1
농담끝 쉼표	리수스 쉼표	생활 소품	1
다음숨 조율	세콰르 숨조율	생활 예법	1
현재발자국	악투스 발자국	생활 흔적	2
옛모양 실	베투스 형실	생활 소품	1
흔들림 잔	트레모르 잔	생활 소품	1
미룬 악보	모라 악보	생활 소품	1
빈서명 깃	바쿠아 서명깃	생활 소품	1
남겨둔 잔	레스타 잔	생활 소품	1
부담 저울	온우스 저울	생활 소품	1
표정 권유	볼투스 권유	생활 예법	1
웃음보자기	리수스 보자기	생활 소품	1
빈보증 표	바쿠아 보증표	생활 소품	1
빈칸 먹줄	라쿠나 먹줄	생활 소품	1
반반 잔	디미디아 잔	생활 소품	1
보류등	모라등	생활 소품	1
쉼물컵	오티움 물컵	생활 소품	1
끝농담	울티마 리수스	생활 예법	1
검은 편지봉투	아테르 편지봉투	장면 소품	2
균형 합금	리브라 합금	무기물	1
반쪽 가면	디미디아 가면	퀘스티오 소품	2
오르비스 수호자	쿠스토스 오르비스	장치/존재	1
벗은 아테르 가면	누다 아테르 가면	무기물	1
오르비스 수호자	쿠스토스 오르비스	장치/존재	2
벗은 아테르 가면	누다 아테르 가면	무기물	1
맞춤자 리본	메트룸 리본	생활 소품	4
접은 박수표	플라우수스 접표	생활 소품	2
박수끈	플라우수스 끈	생활 소품	5
보류등	모라등	생활 소품	7
쉼물컵	오티움 물컵	생활 소품	5
반반 잔	디미디아 잔	생활 소품	6
도움끈	아욱실리움 끈	생활 소품	2
부담 저울	온우스 저울	생활 소품	2
반걸음 받침돌	세미파수스 받침돌	생활 소품	2
되묻는 담요	리퀘스티오 담요	생활 소품	1
남겨둔 잔	레스타 잔	생활 소품	4
빈보증 표	바쿠아 보증표	생활 소품	2
온기국자	테피다 국자	생활 소품	4
옆문 수선망치	라테라 수선망치	생활 소품	1
귀환물결 표식	리디투스 물결표	생활 소품	5
정면문 손잡이	프론스 손잡이	생활 소품	5
젖은끝 매듭	우다 끝매듭	생활 소품	7
가능문장 패	포텐티아 문장패	생활 소품	9
젖은단어 돌	우다 단어돌	생활 소품	8
빈웃음 의자	바쿠아 리수스 의자	생활 소품	5
되돌이 경첩	리토르노 경첩	생활 소품	7
농담끝 쉼표	리수스 쉼표	생활 소품	6
낮은두레박	바사 두레박	생활 소품	4
한문장 못	우눔 문장못	생활 소품	7
그늘빨랫줄	움브라 빨랫줄	생활 소품	4
웃음보자기	리수스 보자기	생활 소품	12
보류집게	모라 집게	생활 소품	3
농담다리	리수스 다리	생활 소품	8
문턱등잔	리멘 등잔	생활 소품	5
끝농담	울티마 리수스	생활 예법	9
도움끈	아욱실리움 끈	생활 소품	4
반쪽 기록판	디미디아 기록판	생활 소품	3
농담끝 쉼표	리수스 쉼표	생활 소품	1
빈칸 먹줄	라쿠나 먹줄	생활 소품	2
균형 합금	리브라 합금	무기물	1
천장으로 흐르는 모래	카엘룸 모래	장면 물성	1
심장실 검은 구	코르 아테르 구	장면 소품	1
검은 편지봉투	아테르 편지봉투	장면 소품	1
담장 사슬길	카테나 담장길	장면 공간	1
반쪽 가면	디미디아 가면	퀘스티오 소품	2
돌아오지 않는 문	논리디투스 문	생활 장소	3
오늘질문 잉크	호디에 잉크	생활 소품	3
한걸음 표석	파수스 표석	생활 소품	3
첫숨 악보석	프리마 숨악보석	생활 소품	4
다음숨 조율	세콰르 숨조율	생활 예법	3
현재발자국	악투스 발자국	생활 흔적	4
미룬 악보	모라 악보	생활 소품	10
되묻기 칸	리퀘스티오 칸	생활 소품	2
여백별핀	마르고 별핀	생활 소품	5
느슨돌림 고리	락수스 회전고리	생활 소품	1
발닿음 받침돌	페스 받침돌	생활 소품	3
닫힌증언 봉투	클라우사 증언봉투	생활 소품	5
곁걸음 방울	라테라 걸음방울	생활 소품	4
곁자리 의자	라테라 의자	생활 소품	5
옛모양 실	베투스 형실	생활 소품	5
흔들림 잔	트레모르 잔	생활 소품	2
빈서명 깃	바쿠아 서명깃	생활 소품	5
오르비스 수호자	쿠스토스 오르비스	장치/존재	4
에라타 소거	에라타 클라우숨	장치/운용	2
심장나무 씨앗	코르 아르보르 씨앗	유기물	1
심장나무 씨앗	코르 아르보르 씨앗	유기물	1
반걸음 받침돌	세미파수스 받침돌	생활 소품	2
되묻는 담요	리퀘스티오 담요	생활 소품	1
맞춤자 리본	메트룸 리본	생활 소품	2
접은 박수표	플라우수스 접표	생활 소품	1
남겨둔 잔	레스타 잔	생활 소품	1
부담 저울	온우스 저울	생활 소품	1
빈보증 표	바쿠아 보증표	생활 소품	1
반반 잔	디미디아 잔	생활 소품	3
온기국자	테피다 국자	생활 소품	1
박수끈	플라우수스 끈	생활 소품	2
도움끈	아욱실리움 끈	생활 소품	1
보류등	모라등	생활 소품	4
쉼물컵	오티움 물컵	생활 소품	5
옆문 수선망치	라테라 수선망치	생활 소품	1
정면문 손잡이	프론스 손잡이	생활 소품	2
젖은끝 매듭	우다 끝매듭	생활 소품	3
가능문장 패	포텐티아 문장패	생활 소품	3
젖은단어 돌	우다 단어돌	생활 소품	2
빈웃음 의자	바쿠아 리수스 의자	생활 소품	1
반쪽 기록판	디미디아 기록판	생활 소품	1
되돌이 경첩	리토르노 경첩	생활 소품	2
농담끝 쉼표	리수스 쉼표	생활 소품	3
한문장 못	우눔 문장못	생활 소품	1
그늘빨랫줄	움브라 빨랫줄	생활 소품	1
웃음보자기	리수스 보자기	생활 소품	2
빈칸 먹줄	라쿠나 먹줄	생활 소품	1
반반 잔	디미디아 잔	생활 소품	1
농담다리	리수스 다리	생활 소품	1
문턱등잔	리멘 등잔	생활 소품	1
도움끈	아욱실리움 끈	생활 소품	1
끝농담	울티마 리수스	생활 예법	4
오늘질문 잉크	호디에 잉크	생활 소품	2
한걸음 표석	파수스 표석	생활 소품	2
첫숨 악보석	프리마 숨악보석	생활 소품	1
다음숨 조율	세콰르 숨조율	생활 예법	3
현재발자국	악투스 발자국	생활 흔적	3
미룬 악보	모라 악보	생활 소품	3
되묻기 칸	리퀘스티오 칸	생활 소품	1
여백별핀	마르고 별핀	생활 소품	2
반걸음 기대기	세미파수스 기대기	생활 예법	1
틈빛 드러내기	라쿠나빛 드러내기	생활 예법	1
빈손 요청	바쿠아 손요청	생활 예법	1
빈보증 표	바쿠아 보증표	생활 소품	1
도움끈	아욱실리움 끈	생활 소품	6
에라타 소거	에라타 클라우숨	장치/운용	1
옆문 수선망치	라테라 수선망치	생활 소품	1
정면문 손잡이	프론스 손잡이	생활 소품	6
되돌이 경첩	리토르노 경첩	생활 소품	8
한문장 못	우눔 문장못	생활 소품	5
옆문 세공	라테라 문세공	생활 예법	1
귀환물결 표식	리디투스 물결표	생활 소품	6
젖은단어 돌	우다 단어돌	생활 소품	9
되돌이 경첩	리토르노 경첩	생활 소품	1
농담끝 쉼표	리수스 쉼표	생활 소품	1
낮은두레박	바사 두레박	생활 소품	7
끝농담	울티마 리수스	생활 예법	1
맞춤자 리본	메트룸 리본	생활 소품	6
쉼물컵	오티움 물컵	생활 소품	8
심장나무 씨앗	코르 아르보르 씨앗	유기물	1
벗은 아테르 가면	누다 아테르 가면	무기물	2
되묻는 책갈피	리퀘스티오 책갈피	생활 소품	1
반쪽 기록판	디미디아 기록판	생활 소품	4
눈결 채록	오쿨루스 채록	생활 예법	1
빈칸 먹줄	라쿠나 먹줄	생활 소품	5
담장 사슬길	카테나 담장길	장면 공간	1
느슨돌림 고리	락수스 회전고리	생활 소품	2
곁걸음 방울	라테라 걸음방울	생활 소품	5
곁자리 의자	라테라 의자	생활 소품	5
옛모양 실	베투스 형실	생활 소품	6
흔들림 잔	트레모르 잔	생활 소품	4
손끝 가격 지우기	디지투스 가격지움	생활 예법	1
여기까지만 말하기	리멘 발화	생활 예법	1
반걸음 받침돌	세미파수스 받침돌	생활 소품	4
빈보증 표	바쿠아 보증표	생활 소품	6
도움끈	아욱실리움 끈	생활 소품	1
짐말 되받기	온우스 회수	생활 예법	1
부담 저울	온우스 저울	생활 소품	4
빈보증 표	바쿠아 보증표	생활 소품	1
선불 사과	안테 그라티아	생활 예법	1
도움끈	아욱실리움 끈	생활 소품	1
오늘질문 잉크	호디에 잉크	생활 소품	3
되묻기 칸	리퀘스티오 칸	생활 소품	4
여백별핀	마르고 별핀	생활 소품	5
보류등	모라등	생활 소품	1
되비침 미소	레플렉스 미소	생활 예법	1
빈잔 조율	바쿠아 잔조율	생활 예법	1
맞춤웃음	미메시스 미소	생활 예법	1
벗은 아테르 가면	누다 아테르 가면	무기물	3
발닿음 받침돌	페스 받침돌	생활 소품	2
닫힌증언 봉투	클라우사 증언봉투	생활 소품	5
곁자리 의자	라테라 의자	생활 소품	1
빈서명 깃	바쿠아 서명깃	생활 소품	6
반쪽 기록판	디미디아 기록판	생활 소품	1
농담끝 쉼표	리수스 쉼표	생활 소품	2
한문장 못	우눔 문장못	생활 소품	2
웃음보자기	리수스 보자기	생활 소품	9
농담다리	리수스 다리	생활 소품	7
한쪽발 딛기	세미페스 딛기	생활 예법	1
남은손 인사	레스타 손인사	생활 예법	1
두손 잇기	비마누스 잇기	생활 예법	1
반반 잔	디미디아 잔	생활 소품	5
정면문 손잡이	프론스 손잡이	생활 소품	3
가능문장 패	포텐티아 문장패	생활 소품	10
젖은단어 돌	우다 단어돌	생활 소품	2
빈웃음 의자	바쿠아 리수스 의자	생활 소품	1
되돌이 경첩	리토르노 경첩	생활 소품	2
농담끝 쉼표	리수스 쉼표	생활 소품	1
한문장 못	우눔 문장못	생활 소품	3
웃음보자기	리수스 보자기	생활 소품	1
문턱등잔	리멘 등잔	생활 소품	7
끝농담	울티마 리수스	생활 예법	1
돌아오지 않는 문	논리디투스 문	생활 장소	6
접힌 길 안내	플리카 길안내	생활 예법	1
한걸음 표석	파수스 표석	생활 소품	2
현재발자국	악투스 발자국	생활 흔적	6
접은 박수표	플라우수스 접표	생활 소품	3
박수 유도	플라우수스 유도	생활 예법	1
박수끈	플라우수스 끈	생활 소품	5
보류등	모라등	생활 소품	9
못본척 예법	라테오 예법	생활 예법	1
한박자 늦춤	모라 박자	생활 예법	1
첫물결 읽기	프리마 물결읽기	생활 예법	2
빈판정	바쿠아 판정	생활 소품	1
빈보증 표	바쿠아 보증표	생활 소품	1
도움끈	아욱실리움 끈	생활 소품	1
서툰목 맞춤	루디스 목맞춤	생활 예법	1
첫숨 악보석	프리마 숨악보석	생활 소품	5
다음숨 조율	세콰르 숨조율	생활 예법	4
미룬 악보	모라 악보	생활 소품	9
보류등	모라등	생활 소품	1
대신 줄서기	비카리우스 줄	생활 예법	1
되묻는 담요	리퀘스티오 담요	생활 소품	3
남겨둔 잔	레스타 잔	생활 소품	5
부담 저울	온우스 저울	생활 소품	1
빈보증 표	바쿠아 보증표	생활 소품	1
온기국자	테피다 국자	생활 소품	4
도움끈	아욱실리움 끈	생활 소품	1
젖은끝 매듭	우다 끝매듭	생활 소품	6
가능문장 패	포텐티아 문장패	생활 소품	1
젖은단어 돌	우다 단어돌	생활 소품	1
농담끝 쉼표	리수스 쉼표	생활 소품	1
그늘빨랫줄	움브라 빨랫줄	생활 소품	6
웃음보자기	리수스 보자기	생활 소품	9
보류집게	모라 집게	생활 소품	5
끝농담	울티마 리수스	생활 예법	1
벗은 아테르 가면	누다 아테르 가면	무기물	1
빈웃음 의자	바쿠아 리수스 의자	생활 소품	6
웃음보자기	리수스 보자기	생활 소품	2
농담다리	리수스 다리	생활 소품	6
끝농담	울티마 리수스	생활 예법	18
오르비스 수호자	쿠스토스 오르비스	장치/존재	2
검은 편지봉투	아테르 편지봉투	장면 소품	1
천장으로 흐르는 모래	카엘룸 모래	장면 물성	1
무게 없는 고리	온우스 바쿠움 고리	장면 소품	1
반쪽 가면	디미디아 가면	퀘스티오 소품	3
반쪽 가면	디미디아 가면	퀘스티오 소품	2
